"timestamp","university_lausanne","gender_identity","education_completed","region_origin","age","years_internet","pa_stomm","pa_uima","pa_svmomvc","pa_mvocc","pa_e","pa_slof","pa_piofogc","pa_usmp","pa_pg","pa_wftov","pa_womsrv","pa_ltmpoa","pa_rbboa","pa_si","pa_bw","pa_sogdcs","pa_b","pa_ugont","pa_l","pa_tpov","pa_epov","pa_sospov","pa_ls","pa_mgom","pa_saot","pa_ucor","pa_ctt","pa_ml","pa_ucocc","pa_uatcwat","competent_digital","understand_algorithms","contributed_research","contributed_organisations","cd_mpiwbe","cd_mdwbsi","cd_mdwbuoor","cd_mdwbm","cd_miwnbp","cd_iwnhcomd","cd_mdwbufalt","cd_rwnbt","motivate_share","interested_application","ft_cmc","ft_pos","ft_p","ft_i","ft_cs","german_canton","romansh_canton","french_canton","italian_canton","swiss","non_swiss","european","non_european","digital_literacy","concerns_score","familiarity_score","self_development","entertainment","productivity","creativity","finances","rt_communication","asynchronous_communication","group_communication","audio_communication","visual_communication","written_communication","multimedia_communication","paralanguage_communication","ms_fc","ms_aic","ms_cip","ms_hamaritp","ms_lasor","ms_lam","ms_las","ms_no","ms_tptswfaf","ms_ca","ms_nota","co_auoei","co_ahomrc","co_ago","co_acono","co_acofc","co_ihnctarp"
"2024/11/09 11:45:19 AM GMT+1",0,0,"Master’s degree, or equivalent","non-swiss, european",26,13,6,6,6,5,5,6,2,5,3,5,6,6,2,5,6,5,5,6,6,5,3,5,1,2,6,6,6,5,3,3,4,3,1,"A university or educational institution (ex. Université de Lausanne)",4,4,4,4,5,4,4,4,"… learning about myself.;… learning a skill.;… financial compensation (argent ou bons).;… the possibility to share with friends and family.;… learning about science or research",1,2,1,1,1,3,0,0,0,0,0,1,1,0,141,33,8,4.33333333333333,4.4,5.375,4,4.33333333333333,5.75,5.5,4.33333333333333,5.5,5.5,5.5,5.33333333333333,4.8,1,0,0,0,1,1,1,0,1,0,0,1,0,0,0,0,0
"2024/11/07 12:06:29 PM GMT+1",1,1,"Master’s degree, or equivalent","valais",43,25,6,6,6,5,6,3,6,6,5,5,1,6,6,6,6,5,5,5,6,6,3,5,1,3,6,6,6,5,3,5,5,5,1,"A university or educational institution (ex. Université de Lausanne);A government organisation (ex. Office fédéral de la statistique);A commercial or for-profit company (ex. Google)",4,2,4,4,5,4,4,3,"… learning about myself.;… having a more active role in the project.;… learning a skill.",0,3,3,3,3,3,1,0,1,0,1,0,1,0,149,30,15,6,5.6,5.625,3.25,4.33333333333333,5,4.5,4.33333333333333,5.5,3.5,6,5.66666666666667,6,0,0,0,1,0,1,1,0,0,0,0,1,0,1,0,1,0
"2024/11/07 1:55:14 PM GMT+1",1,1,"Bachelor’s degree, or equivalent","vaud",34,17.5,2,6,6,3,5,6,2,6,6,6,6,6,3,6,6,5,5,6,6,6,6,6,2,2,6,6,6,6,5,6,5,4,0,"I have not contributed to a research project.",4,4,4,4,4,4,4,4,"… financial compensation (argent ou bons).;… learning about myself.;… networking opportunities.;… learning about science or research",1,3,3,3,3,3,0,0,1,0,1,0,1,0,154,32,15,5,5.4,6,5,5,5.25,5.16666666666667,4.66666666666667,4.5,5.25,4.75,5,4.2,1,0,0,0,1,1,0,1,0,0,0,0,0,0,0,0,1
"2024/11/07 1:58:21 PM GMT+1",1,0,"Bachelor","non-swiss, european",25,13,6,6,6,3,5,5,2,6,5,6,6,6,5,6,6,3,5,5,5,5,1,5,1,1,6,5,7,5,5,5,4,2,1,"A university or educational institution (ex. Université de Lausanne)",3,2,3,2,2,3,2,2,"… financial compensation (argent ou bons).;… learning a skill.;… learning about myself.;… co-authorship in publications.;… the possibility to share with friends and family.;… learning about science or research;… having a more active role in the project.",0,1,2,2,2,1,0,0,0,0,0,1,1,0,143,19,8,5.33333333333333,5.6,5.625,3.25,4.33333333333333,5,5.5,4.66666666666667,4.5,4.75,5.75,5,5,1,0,1,1,1,1,1,0,1,0,0,1,0,0,0,0,0
"2024/11/07 2:02:33 PM GMT+1",1,0,"Bachelor’s degree, or equivalent","vaud",25,17.5,6,6,6,3,6,6,3,6,6,6,6,6,6,6,6,3,5,5,3,6,3,6,1,1,5,6,6,6,5,2,5,4,0,"I have not contributed to a research project.",1,2,2,2,1,2,3,2,"… learning about science or research",0,3,3,2,3,2,0,0,1,0,1,0,1,0,147,15,13,5,6,5.25,4,4.33333333333333,5.25,6,5,4.5,5.25,6,5,5.4,0,0,0,0,1,0,0,0,0,0,0,0,0,0,0,0,1
"2024/11/07 2:15:08 PM GMT+1",1,0,"Bachelor’s degree, or equivalent","ticino",23,13,6,6,6,5,3,5,2,6,3,6,6,6,5,5,6,3,5,5,6,5,3,6,1,2,6,5,6,5,5,5,3,3,1,"A university or educational institution (ex. Université de Lausanne);A government organisation (ex. Office fédéral de la statistique)",2,1,1,1,2,1,1,1,"… financial compensation (argent ou bons).;… networking opportunities.;… acknowledgement in citations.",1,3,3,2,2,1,0,0,0,1,1,0,1,0,144,10,11,5.33333333333333,5.2,5.375,4,4.33333333333333,5.5,5.33333333333333,4.66666666666667,5.5,5.5,5.25,5.66666666666667,4.6,1,1,0,0,0,0,0,1,0,0,0,1,0,1,0,0,0
"2024/11/07 2:19:17 PM GMT+1",1,0,"Master’s degree, or equivalent","genève",25,13,6,6,5,5,5,5,3,6,5,5,2,5,3,5,5,3,3,6,6,6,3,6,1,1,6,6,6,5,5,5,4,2,0,"I have not contributed to a research project.",1,1,1,1,1,1,1,1,"… learning a skill.",0,1,1,1,1,1,0,0,1,0,1,0,1,0,139,8,5,4.66666666666667,4.6,5.5,3,3.66666666666667,5.25,5,3.66666666666667,5,4.5,5.75,5.66666666666667,5.2,0,0,0,0,0,0,1,0,0,0,0,0,0,0,0,0,1
"2024/11/07 3:47:38 PM GMT+1",1,0,"Bachelor’s degree, or equivalent","valais",29,17.5,3,6,5,3,5,5,1,6,3,6,6,6,6,6,6,5,3,3,3,5,5,5,1,1,6,6,6,5,6,3,4,4,0,"I have not contributed to a research project.",2,1,3,1,1,1,1,1,"... none of the above.",1,3,3,1,3,3,1,0,1,0,1,0,1,0,136,11,13,5,5.4,5.125,4.25,4.66666666666667,4.75,5,4.33333333333333,4,4.75,5,5,4.2,0,0,0,0,0,0,0,0,0,0,1,0,0,0,0,0,1
"2024/11/07 5:33:21 PM GMT+1",1,1,"High school, or equivalent","fribourg",23,17.5,6,7,6,6,5,5,5,6,6,6,6,6,5,7,5,4,1,4,5,6,5,5,4,3,6,5,6,4,5,7,5,4,1,"A university or educational institution (ex. Université de Lausanne);A hospital or medical research centre (ex. CHUV)",3,3,3,3,4,1,1,4,"... none of the above.;… financial compensation (argent ou bons).",0,1,1,1,1,1,1,0,1,0,1,0,1,0,157,22,5,5.66666666666667,5.6,5.5,5,3.33333333333333,6,5.5,5.66666666666667,6,5.5,6,6.33333333333333,5.8,0,0,0,0,0,0,0,0,0,0,1,1,1,0,0,0,0
"2024/11/08 10:06:39 AM GMT+1",1,1,"Doctoral degree, or equivalent","non-swiss, european",46,25,6,6,2,4,7,6,2,2,1,5,6,7,6,6,6,4,5,4,5,6,2,5,2,1,6,6,5,2,3,5,5,5,1,"A university or educational institution (ex. Université de Lausanne)",4,4,4,4,4,4,4,4,"... none of the above.",1,3,3,3,3,3,0,0,0,0,0,1,1,0,133,32,15,5.66666666666667,5,5,3.75,4,4.5,5.33333333333333,3.33333333333333,3,5.25,5.25,4,4.6,0,0,0,0,0,0,0,0,0,0,1,1,0,0,0,0,0
"2024/11/08 9:31:45 PM GMT+1",1,1,"Master’s degree, or equivalent","vaud",31,13,6,6,5,4,6,6,5,6,3,5,1,6,6,6,6,4,4,6,6,6,1,6,1,4,6,6,7,1,2,2,5,5,1,"A university or educational institution (ex. Université de Lausanne);A government organisation (ex. Office fédéral de la statistique);A commercial or for-profit company (ex. Google)",4,5,3,3,4,2,3,3,"... none of the above.;… learning about science or research",0,2,3,2,3,3,0,0,1,0,1,0,1,0,139,27,13,6,5.2,5,3,3.33333333333333,5.25,5.16666666666667,4,4.5,4.25,6,5.33333333333333,5.8,0,0,0,0,0,0,0,0,0,0,1,1,0,1,0,1,0
"2024/11/09 9:07:14 AM GMT+1",1,1,"Bachelor’s degree, or equivalent","bern",24,17.5,6,6,5,4,5,5,5,6,5,6,6,7,5,6,6,4,4,4,7,5,5,5,3,4,6,6,6,6,4,5,4,3,1,"A university or educational institution (ex. Université de Lausanne)",5,4,5,5,5,3,3,5,"… financial compensation (argent ou bons).;… learning about myself.;… networking opportunities.;… having a more active role in the project.;… learning a skill.;… learning about science or research",0,3,3,3,3,1,1,0,1,0,1,0,1,0,157,35,13,6,5.8,5.625,5,4,5,5.5,5.66666666666667,4.5,5,5.75,5.33333333333333,5.6,1,0,0,1,1,1,1,1,0,0,0,1,0,0,0,0,0
"2024/11/11 9:21:50 AM GMT+1",1,0,"Bachelor’s degree, or equivalent","ticino",26,13,6,7,6,5,5,6,6,6,5,6,6,6,6,6,6,1,1,3,6,6,6,6,4,5,6,6,6,6,6,3,2,2,1,"A university or educational institution (ex. Université de Lausanne);A hospital or medical research centre (ex. CHUV);A government organisation (ex. Office fédéral de la statistique)",3,3,4,4,4,4,3,4,"… co-authorship in publications.;… having a more active role in the project.;… the possibility to share with friends and family.;… learning about science or research;… financial compensation (argent ou bons).;… learning a skill.;… learning about myself.",1,2,2,3,3,2,0,0,0,1,1,0,1,0,159,29,12,6,5.8,5.25,5.75,2.66666666666667,6,5.83333333333333,6,5.5,5.75,6,6,6,1,0,1,1,1,1,1,0,1,0,0,1,1,1,0,0,0
"2024/11/11 9:24:15 AM GMT+1",1,0,"High school, or equivalent","fribourg",20,8,6,1,6,6,6,6,1,6,4,6,5,6,5,7,6,5,5,5,7,6,6,6,1,3,6,6,7,6,5,5,4,2,1,"A university or educational institution (ex. Université de Lausanne)",2,2,3,3,3,2,2,2,"... none of the above.",1,2,2,2,3,1,1,0,1,0,1,0,1,0,156,19,10,6.33333333333333,5.4,6,5,5,4.75,5.83333333333333,4,6,5.75,4.75,4.33333333333333,4,0,0,0,0,0,0,0,0,0,0,1,1,0,0,0,0,0
"2024/11/13 2:21:01 PM GMT+1",1,0,"Bachelor’s degree, or equivalent","vaud",23,13,6,6,5,4,6,6,5,6,6,5,5,6,5,6,6,3,4,4,6,6,4,5,1,4,5,6,7,6,5,3,4,3,1,"A university or educational institution (ex. Université de Lausanne);A hospital or medical research centre (ex. CHUV);A government organisation (ex. Office fédéral de la statistique)",4,4,3,3,3,4,4,3,"… learning about science or research;… having a more active role in the project.;… acknowledgement in citations.;… co-authorship in publications.;… networking opportunities.",1,3,3,3,3,2,0,0,1,0,1,0,1,0,152,28,14,5.66666666666667,5.6,5.375,4.75,4,5.25,5.66666666666667,5.33333333333333,4.5,5,6,5.33333333333333,5.8,0,1,1,1,1,0,0,1,0,0,0,1,1,1,0,0,0
"2024/11/13 4:18:15 PM GMT+1",1,0,"Master’s degree, or equivalent","neuchâtel",27,13,6,6,5,3,7,6,5,7,5,5,3,6,6,6,6,4,5,4,6,5,4,6,2,4,6,6,6,5,4,5,3,3,1,"A university or educational institution (ex. Université de Lausanne);A charity or non-government organisation (ex. Croix-Rouge)",2,2,3,4,4,4,3,4,"… acknowledgement in citations.;… co-authorship in publications.;… learning about science or research",1,3,3,2,3,3,0,0,1,0,1,0,1,0,154,26,14,6,5.6,5.5,4,4.33333333333333,5,5.83333333333333,5,4,4.5,6.5,5.33333333333333,6.2,0,1,1,0,1,0,0,0,0,0,0,1,0,0,1,0,0
"2024/11/13 4:47:01 PM GMT+1",0,1,"Bachelor’s degree, or equivalent","non-swiss, european",21,8,6,7,5,6,5,5,4,5,4,4,4,5,6,7,7,3,4,4,6,4,3,4,2,4,4,7,6,2,5,6,4,4,0,"I have not contributed to a research project.",4,2,1,3,3,2,1,2,"… learning about science or research;… financial compensation (argent ou bons).;… learning about myself.",1,1,2,2,2,1,0,0,0,0,0,1,1,0,144,18,8,6.33333333333333,5.2,5.375,3.75,4,5.75,4.83333333333333,4.33333333333333,5.5,4.75,5.75,6,5.4,1,0,0,0,1,1,0,0,0,0,0,0,0,0,0,0,1
"2024/11/14 10:21:22 AM GMT+1",1,0,"Bachelor’s degree, or equivalent","ticino",23,13,6,6,5,4,5,5,1,4,1,6,6,6,6,6,6,4,4,4,4,5,3,5,1,1,2,6,7,5,5,6,4,2,0,"I have not contributed to a research project.",4,3,3,4,4,4,4,1,"… co-authorship in publications.;… learning about myself.;… having a more active role in the project.;… acknowledgement in citations.;… learning about science or research;… financial compensation (argent ou bons).;… learning a skill.;… networking opportunities.",1,3,3,2,1,3,0,0,0,1,1,0,1,0,135,27,12,5.33333333333333,5,5.25,3.75,4.33333333333333,5,5.16666666666667,3.66666666666667,4.5,5,5.25,4.66666666666667,4.4,1,1,1,1,1,1,1,1,0,0,0,0,0,0,0,0,1
"2024/11/19 5:36:48 PM GMT+1",1,0,"Bachelor’s degree, or equivalent","valais",22,8,7,7,6,3,5,4,6,7,6,6,6,6,4,6,6,4,5,4,4,6,3,5,1,1,6,6,7,6,4,4,3,1,1,"A university or educational institution (ex. Université de Lausanne);A government organisation (ex. Office fédéral de la statistique)",2,1,2,2,2,2,1,2,"… learning about myself.;… learning about science or research;… financial compensation (argent ou bons).;… the possibility to share with friends and family.",1,3,3,1,3,2,1,0,1,0,1,0,1,0,151,14,12,4.66666666666667,5.6,5.625,4,4.33333333333333,5,5.66666666666667,6.33333333333333,4.5,4.5,6.5,5.66666666666667,6.4,1,0,0,0,1,1,0,0,1,0,0,1,0,1,0,0,0
"2024/11/19 6:00:47 PM GMT+1",1,0,"Bachelor’s degree, or equivalent","fribourg",23,13,7,7,6,1,5,5,1,6,6,5,6,6,5,6,6,1,4,4,4,5,1,5,1,1,5,6,7,5,4,2,4,2,1,"A university or educational institution (ex. Université de Lausanne);A government organisation (ex. Office fédéral de la statistique)",2,1,3,3,3,3,3,2,"… having a more active role in the project.;… acknowledgement in citations.;… learning about myself.",1,1,2,2,3,1,1,0,1,0,1,0,1,0,133,20,9,5,5.6,5.125,3.25,3,4.75,5.66666666666667,4.33333333333333,3.5,4.25,6.25,4.66666666666667,5.2,0,1,0,1,0,1,0,0,0,0,0,1,0,1,0,0,0
"2024/11/21 9:59:09 PM GMT+1",1,0,"Bachelor’s degree, or equivalent","vaud",22,13,6,6,6,3,6,6,1,6,1,6,5,6,5,6,6,4,4,5,6,4,1,5,1,1,6,4,7,5,3,4,3,3,0,"I have not contributed to a research project.",3,3,2,3,3,2,2,2,"… learning about science or research;… learning about myself.",0,3,2,2,3,1,0,0,1,0,1,0,1,0,135,20,11,5.66666666666667,4.8,5.375,2.75,3.66666666666667,5.25,5.66666666666667,4,4.5,4.75,6,5,5,0,0,0,0,1,1,0,0,0,0,0,0,0,0,0,0,1
"2024/11/22 10:02:08 AM GMT+1",1,0,"High school, or equivalent","vaud",18,8,3,3,3,3,3,3,1,3,2,3,3,3,3,3,3,2,3,3,3,3,3,3,1,3,3,3,3,2,3,1,3,4,1,"A university or educational institution (ex. Université de Lausanne);A government organisation (ex. Office fédéral de la statistique)",4,4,4,4,4,4,4,4,"… having a more active role in the project.;… learning about myself.;… learning about science or research",1,1,1,1,3,3,0,0,1,0,1,0,1,0,81,32,9,3,2.8,2.625,3,2.66666666666667,3,3,2.33333333333333,3,3,3,3,2.6,0,0,0,1,1,1,0,0,0,0,0,1,0,1,0,0,0
"2024/11/22 4:42:40 PM GMT+1",1,0,"High school, or equivalent","vaud",18,8,6,6,5,4,5,6,4,6,5,5,6,7,6,6,6,5,5,5,6,6,4,5,4,1,6,6,7,6,6,5,4,3,1,"A university or educational institution (ex. Université de Lausanne);A government organisation (ex. Office fédéral de la statistique)",2,2,2,2,2,5,2,2,"… having a more active role in the project.;… learning about science or research;… learning a skill.;… financial compensation (argent ou bons).",0,3,2,2,2,2,0,0,1,0,1,0,1,0,160,19,11,6,5.8,5.875,4.25,5.33333333333333,5.25,5.66666666666667,5.33333333333333,4.5,5.25,5.75,5.33333333333333,5.4,1,0,0,1,1,0,1,0,0,0,0,1,0,1,0,0,0
"2024/11/22 9:09:15 PM GMT+1",1,1,"High school, or equivalent","valais",22,13,6,6,5,4,5,6,3,6,6,6,6,6,5,5,5,4,4,5,6,4,4,4,1,2,5,5,6,5,3,5,4,3,1,"A university or educational institution (ex. Université de Lausanne);A charity or non-government organisation (ex. Croix-Rouge)",4,2,2,2,2,3,2,2,"… learning about science or research",1,3,3,2,3,3,1,0,1,0,1,0,1,0,143,19,14,5.33333333333333,5.6,5.125,4,3.66666666666667,5.25,5.5,5,4.5,5,5.75,5.33333333333333,5.2,0,0,0,0,1,0,0,0,0,0,0,1,0,0,1,0,0
"2024/11/25 4:54:37 PM GMT+1",1,1,"Master’s degree, or equivalent","valais",38,25,6,6,5,5,6,5,5,5,4,6,5,6,6,6,6,4,4,4,6,6,5,5,1,3,6,6,7,3,5,6,4,4,1,"A university or educational institution (ex. Université de Lausanne)",5,4,5,5,5,5,5,5,"... none of the above.",0,3,3,3,3,3,1,0,1,0,1,0,1,0,153,39,15,6,5.6,5.5,4.75,4.33333333333333,5.25,5.33333333333333,5,5,5,5.75,5.33333333333333,5.6,0,0,0,0,0,0,0,0,0,0,1,1,0,0,0,0,0
"2024/11/26 8:36:27 AM GMT+1",1,0,"Doctoral degree, or equivalent","valais",46,25,6,6,5,5,6,5,3,6,5,5,3,7,7,7,7,5,5,5,4,5,5,4,1,1,4,5,6,4,4,3,4,3,1,"A university or educational institution (ex. Université de Lausanne)",3,3,2,2,2,2,1,2,"… learning about myself.;… learning about science or research.",1,3,3,3,3,3,1,0,1,0,1,0,1,0,144,17,15,6,6.2,5.125,3.5,4.66666666666667,5.25,5,4,5,4.25,6,5.66666666666667,5.4,0,0,0,0,1,1,0,0,0,0,0,1,0,0,0,0,0
"2024/11/26 11:22:45 AM GMT+1",1,0,"Master’s degree, or equivalent","vaud",61,25,7,6,5,4,6,5,2,4,1,3,3,5,3,6,6,5,5,5,5,6,4,5,2,1,3,3,6,4,4,5,3,4,1,"A university or educational institution (ex. Université de Lausanne)",4,4,4,4,5,5,5,4,"… learning about science or research.;… learning a skill.",1,3,3,3,3,3,0,0,1,0,1,0,1,0,129,35,15,4.66666666666667,3.6,4.75,3.5,4.66666666666667,5,5,3,4.5,4.25,5.75,4.66666666666667,5,0,0,0,0,1,0,1,0,0,0,0,1,0,0,0,0,0
"2024/11/26 12:23:31 PM GMT+1",1,1,"Bachelor’s degree, or equivalent","neuchâtel",23,13,5,6,1,2,5,5,3,1,7,5,1,6,7,7,7,1,1,1,7,4,1,1,1,2,3,1,7,7,5,1,3,2,1,"I have not contributed to a research project.",5,4,2,3,5,5,1,3,"… learning about science or research.;… learning a skill.",0,3,1,1,1,1,0,0,1,0,1,0,1,0,111,28,7,7,6.4,4.25,2,2.33333333333333,3.5,3,1.66666666666667,1.5,2.25,4.25,3,4,0,0,0,0,1,0,1,0,0,0,0,0,0,0,0,0,1
"2024/11/26 6:25:19 PM GMT+1",1,0,"Bachelor’s degree, or equivalent","non-swiss, non-european",24,17.5,7,7,6,6,5,5,4,7,4,6,5,6,4,6,6,4,5,6,6,6,5,6,1,2,6,6,7,6,6,6,5,3,1,"A university or educational institution (ex. Université de Lausanne)",2,1,2,3,2,1,1,1,"… networking opportunities.;… having a more active role in the project.;… financial compensation (argent ou bons).;… learning about science or research.;… learning about myself.;… competitive aspects (gamification).",1,3,1,1,3,1,0,0,0,0,0,1,0,1,162,13,9,5.33333333333333,5.2,6.125,4.5,5,6,5.83333333333333,5.33333333333333,6,5.5,6.5,6.66666666666667,6,1,0,0,1,1,1,0,1,0,1,0,1,0,0,0,0,0
"2024/11/26 6:54:15 PM GMT+1",1,0,"Bachelor’s degree, or equivalent","ticino",24,17.5,7,7,7,5,6,7,6,7,3,7,7,7,6,7,7,4,5,5,7,7,5,7,1,4,7,5,7,7,6,5,4,3,0,"I have not contributed to a research project.",3,3,2,2,2,2,2,3,"… financial compensation (argent ou bons).;… having a more active role in the project.;… learning a skill.",1,3,3,2,3,1,0,0,0,1,1,0,1,0,178,19,12,6.66666666666667,6,6.25,5.75,5,6.5,6.83333333333333,6.66666666666667,6,6.5,6.75,6.33333333333333,6.6,1,0,0,1,0,0,1,0,0,0,0,0,0,0,0,0,1
"2024/11/26 7:12:58 PM GMT+1",1,0,"High school, or equivalent","vaud",65,25,3,3,3,3,3,3,3,3,2,3,2,3,3,3,3,2,3,3,3,3,3,3,2,1,2,2,2,2,2,2,4,4,1,"A university or educational institution (ex. Université de Lausanne);A government organisation (ex. Office fédéral de la statistique);A commercial or for-profit company (ex. Google)",2,2,2,2,2,2,2,2,"… learning about science or research.;… the possibility to share with friends and family.;… learning a skill.;… learning about myself.",1,2,2,2,2,2,0,0,1,0,1,0,1,0,78,16,10,3,2.8,2.375,2.25,2.33333333333333,3,2.83333333333333,2.66666666666667,3,2.75,3,3,3,0,0,0,0,1,1,1,0,1,0,0,1,0,1,0,1,0
"2024/11/26 7:34:23 PM GMT+1",1,0,"Bachelor’s degree, or equivalent","ticino",22,13,6,6,6,6,6,5,6,6,4,5,5,6,6,6,6,4,5,6,6,5,4,6,1,4,6,6,7,6,6,5,3,3,1,"A university or educational institution (ex. Université de Lausanne)",4,4,4,4,5,4,3,4,"… the possibility to share with friends and family.;… learning a skill.;… learning about science or research.;… learning about myself.",1,3,3,3,3,3,0,0,0,1,1,0,1,0,162,32,15,6,5.4,6,4.5,5,5.75,5.66666666666667,5.66666666666667,6,5.5,6,6,6,0,0,0,0,1,1,1,0,1,0,0,1,0,0,0,0,0
"2024/11/26 10:20:49 PM GMT+1",1,0,"Master’s degree, or equivalent","non-swiss, non-european",46,17.5,7,6,7,6,6,6,6,4,3,6,6,6,6,6,6,5,6,6,7,6,5,6,6,5,6,6,6,6,6,6,2,1,1,"I have not contributed to a research project.",4,4,4,4,4,4,4,4,"... none of the above.",1,2,1,1,1,1,0,0,0,0,0,1,0,1,175,32,6,6.33333333333333,5.4,6,5.5,5.66666666666667,6.25,5.83333333333333,5.33333333333333,6.5,6,5.75,5.33333333333333,5.8,0,0,0,0,0,0,0,0,0,0,1,0,0,0,0,0,1
"2024/11/26 11:43:53 PM GMT+1",1,0,"Bachelor’s degree, or equivalent","vaud",21,8,7,7,4,5,6,5,3,7,4,6,1,7,4,7,7,4,6,6,4,6,1,5,1,1,7,7,7,7,5,5,4,3,1,"A university or educational institution (ex. Université de Lausanne)",2,2,2,3,4,3,2,3,"… financial compensation (argent ou bons).",0,3,3,3,3,2,0,0,1,0,1,0,1,0,152,21,14,5,5.6,6.625,2.25,5,5.25,5.16666666666667,3.66666666666667,4.5,4,6.75,6.33333333333333,6,1,0,0,0,0,0,0,0,0,0,0,1,0,0,0,0,0
"2024/11/27 9:24:53 AM GMT+1",1,0,"Master’s degree, or equivalent","non-swiss, european",28,17.5,7,7,6,5,5,5,7,7,4,7,3,7,2,7,7,4,4,6,7,6,3,7,1,5,1,6,7,6,6,7,4,2,0,"I have not contributed to a research project.",4,3,2,4,4,4,4,3,"… financial compensation (argent ou bons).;… learning about science or research.;… co-authorship in publications.;… networking opportunities.;… having a more active role in the project.;… learning a skill.;… competitive aspects (gamification).;… acknowledgement in citations.",1,3,2,1,1,1,0,0,0,0,0,1,1,0,162,28,8,5.33333333333333,5.4,5.875,4.25,4.66666666666667,5.75,5.66666666666667,5.66666666666667,5.5,5,6.5,6.33333333333333,6.6,1,1,1,1,1,0,1,1,0,1,0,0,0,0,0,0,1
"2024/11/27 5:39:32 PM GMT+1",1,0,"Bachelor’s degree, or equivalent","non-swiss, non-european",25,8,6,6,4,5,5,4,5,6,5,5,4,6,6,6,5,4,5,6,6,5,5,5,3,2,6,6,6,5,6,5,3,3,1,"A university or educational institution (ex. Université de Lausanne)",4,3,5,3,4,2,4,3,"... none of the above.",0,2,1,2,1,1,0,0,0,0,0,1,0,1,153,28,7,6,5.4,5.625,4,5,4.75,5,5,4.5,4.5,5.75,5.66666666666667,5.6,0,0,0,0,0,0,0,0,0,0,1,1,0,0,0,0,0
"2024/11/28 12:10:48 PM GMT+1",1,0,"High school, or equivalent","vaud",20,8,7,7,6,5,5,5,6,7,6,6,6,7,6,6,6,5,4,5,5,6,6,6,1,3,5,6,7,6,5,5,5,2,1,"A university or educational institution (ex. Université de Lausanne)",3,2,3,3,4,3,1,2,"… financial compensation (argent ou bons).;… learning about science or research.",0,1,1,1,1,1,0,0,1,0,1,0,1,0,166,21,5,5.66666666666667,6.2,5.75,5.25,4.66666666666667,5.75,6,6.33333333333333,5.5,5.5,6.5,6.33333333333333,6.4,1,0,0,0,1,0,0,0,0,0,0,1,0,0,0,0,0
"2024/11/29 10:58:33 AM GMT+1",1,1,"Doctoral degree, or equivalent","vaud",45,25,7,7,1,5,6,6,1,2,5,5,5,6,5,6,6,3,4,5,6,6,6,6,1,2,6,6,7,5,5,5,4,3,1,"A university or educational institution (ex. Université de Lausanne)",5,5,2,3,4,2,3,3,"… networking opportunities.;… co-authorship in publications.;… acknowledgement in citations.",0,3,3,3,3,3,0,0,1,0,1,0,1,0,146,27,15,5.66666666666667,5.4,5.75,4.75,4,4.75,5.33333333333333,2.66666666666667,3,5.5,5.5,4.66666666666667,4.6,0,1,1,0,0,0,0,1,0,0,0,1,0,0,0,0,0
"2024/11/29 11:17:17 AM GMT+1",1,1,"Doctoral degree, or equivalent","vaud",54,25,6,7,4,5,7,6,4,6,6,6,6,4,6,7,7,5,5,6,5,5,4,6,1,1,6,7,7,5,5,5,4,3,0,"J’ai répondu non à la question précédente",2,1,1,1,2,1,1,1,"... none of the above.",0,2,2,1,3,2,0,0,1,0,1,0,1,0,160,10,10,6,5.8,6.25,4,5,5.5,6.16666666666667,5.33333333333333,4.5,5.75,6.5,6,6,0,0,0,0,0,0,0,0,0,0,1,0,0,0,0,0,0
"2024/11/29 12:11:57 PM GMT+1",1,1,"Doctoral degree, or equivalent","jura",53,25,6,4,5,5,6,5,1,1,5,6,1,1,6,6,6,5,5,5,6,5,1,5,1,1,1,3,6,3,2,1,4,3,1,"A university or educational institution (ex. Université de Lausanne)",5,5,4,5,5,5,4,5,"… co-authorship in publications.",0,3,3,3,3,1,0,0,1,0,1,0,1,0,114,38,13,6,4.8,3.875,2,4,4.75,4,1,5,4,4.25,3.33333333333333,3.6,0,0,1,0,0,0,0,0,0,0,0,1,0,0,0,0,0
"2024/11/29 5:15:08 PM GMT+1",1,0,"Bachelor’s degree, or equivalent","bern",59,25,6,6,6,4,6,6,1,5,2,3,5,5,5,6,6,3,4,5,3,6,6,6,2,1,6,1,6,4,3,1,4,4,1,"A university or educational institution (ex. Université de Lausanne)",4,3,4,3,4,3,4,2,"… having a more active role in the project.",0,1,3,3,3,2,1,0,1,0,1,0,1,0,129,27,12,4.66666666666667,4.2,4.375,4.5,3.33333333333333,5.5,5.66666666666667,3.66666666666667,5,5.25,5.75,5,4.8,0,0,0,1,0,0,0,0,0,0,0,1,0,0,0,0,0
"2024/12/02 3:09:57 PM GMT+1",1,0,"Master’s degree, or equivalent","vaud",64,25,6,6,6,5,6,5,1,5,5,5,6,2,6,6,6,2,5,5,2,5,2,5,1,1,6,6,6,1,5,5,4,2,1,"A university or educational institution (ex. Université de Lausanne)",3,3,3,3,3,3,3,3,"... none of the above.",1,3,3,3,1,1,0,0,1,0,1,0,1,0,133,24,11,4.66666666666667,4.8,5.125,3.5,4,5.5,5.5,4,5.5,5.25,5.75,5.33333333333333,4.8,0,0,0,0,0,0,0,0,0,0,1,1,0,0,0,0,0
"2024/12/03 8:25:35 AM GMT+1",1,0,"Master’s degree, or equivalent","valais",33,25,1,6,5,4,6,6,5,6,5,5,5,5,6,6,6,4,5,4,6,6,4,5,1,1,3,6,5,4,4,6,3,3,1,"A university or educational institution (ex. Université de Lausanne);A hospital or medical research centre (ex. CHUV);A government organisation (ex. Office fédéral de la statistique)",1,1,1,1,1,1,1,1,"… learning about science or research.;… learning about myself.;… learning a skill.;… financial compensation (argent ou bons).",1,2,2,2,2,1,1,0,1,0,1,0,1,0,141,8,9,6,5.4,5,4,4.33333333333333,5.25,4.83333333333333,5.33333333333333,4.5,5,4.75,5.33333333333333,4.8,1,0,0,0,1,1,1,0,0,0,0,1,1,1,0,0,0
"2024/12/03 8:29:42 AM GMT+1",1,0,"Bachelor’s degree, or equivalent","vaud",21,8,6,7,4,3,6,5,6,6,3,5,5,6,6,6,6,4,5,4,5,5,2,5,1,5,5,6,7,5,4,4,2,2,0,"I have not contributed to a research project.",3,2,2,2,3,2,1,1,"… financial compensation (argent ou bons).;… learning about science or research.;… networking opportunities.;… learning a skill.",0,3,1,2,3,2,0,0,1,0,1,0,1,0,147,16,11,5.66666666666667,5.2,5.375,4.25,4.33333333333333,4.75,5.5,5.66666666666667,3.5,4.5,6.25,5.33333333333333,6.2,1,0,0,0,1,0,1,1,0,0,0,0,0,0,0,0,1
"2024/12/03 10:01:38 AM GMT+1",1,0,"Bachelor’s degree, or equivalent","non-swiss, european",20,8,6,6,6,5,3,4,5,6,5,5,3,5,7,6,6,5,5,6,5,5,5,5,3,3,5,6,7,5,3,4,3,2,0,"A university or educational institution (ex. Université de Lausanne)",4,4,4,4,4,4,4,4,"… the possibility to share with friends and family.;… learning about science or research.",0,3,3,1,1,1,0,0,0,0,0,1,1,0,150,32,9,6,5.6,5.625,4,4.33333333333333,5.25,4.5,4.66666666666667,5.5,4.25,5.25,5.66666666666667,5.2,0,0,0,0,1,0,0,0,1,0,0,1,0,0,0,0,0
"2024/12/03 10:33:15 AM GMT+1",1,1,"Master’s degree, or equivalent","non-swiss, european",23,17.5,6,6,5,4,5,6,4,5,6,6,1,7,5,6,6,4,4,5,6,5,3,6,1,1,6,4,6,4,5,5,4,4,1,"A commercial or for-profit company (ex. Google)",3,2,3,3,3,3,3,3,"... none of the above.",1,2,3,3,3,2,0,0,0,0,0,1,1,0,143,23,13,5.66666666666667,6,5.25,2.5,4.33333333333333,5.25,4.83333333333333,3.33333333333333,4.5,4.25,5.5,5,5.2,0,0,0,0,0,0,0,0,0,0,1,0,0,0,0,1,0
"2024/12/03 11:15:28 AM GMT+1",1,0,"Dernier semestre du Master","non-swiss, non-european",25,13,6,6,6,4,5,5,4,5,3,6,6,6,6,7,6,4,4,5,5,6,3,6,1,1,6,5,7,5,6,6,5,3,1,"A university or educational institution (ex. Université de Lausanne)",5,5,5,5,5,5,2,4,"… learning about science or research.;… learning about myself.;… learning a skill.;… financial compensation (argent ou bons).;… co-authorship in publications.",1,2,3,3,3,2,0,0,0,0,0,1,0,1,151,36,13,6,5.4,5.875,4,4.66666666666667,5.25,5.5,5,5,5.25,5.5,5,5.2,1,0,1,0,1,1,1,0,0,0,0,1,0,0,0,0,0
"2024/12/03 11:29:54 AM GMT+1",1,1,"Bachelor’s degree, or equivalent","st. gallen",24,13,6,6,4,5,5,5,3,6,5,6,5,6,5,5,6,4,4,5,5,5,1,4,1,1,6,6,6,4,4,5,4,2,1,"A university or educational institution (ex. Université de Lausanne)",5,4,4,4,5,4,4,5,"… financial compensation (argent ou bons).;… co-authorship in publications.;… learning a skill.;… having a more active role in the project.",1,3,3,1,1,3,1,0,0,0,1,0,1,0,139,35,11,5,5.6,5.375,3,4,5,5.16666666666667,4.66666666666667,4.5,4.75,5.75,5.66666666666667,5.2,1,0,1,1,0,0,1,0,0,0,0,1,0,0,0,0,0
"2024/12/03 12:46:49 PM GMT+1",1,0,"Bachelor’s degree, or equivalent","ticino",24,8,6,6,5,4,6,5,4,1,1,6,1,7,5,6,6,3,5,4,1,5,5,6,1,6,6,6,7,5,5,1,3,5,0,"I have not contributed to a research project.",1,1,1,1,1,1,1,1,"… learning about science or research.",0,3,3,2,3,1,0,0,0,1,1,0,1,0,135,8,12,4,5,5.125,4.25,4.33333333333333,5,4.16666666666667,2,4.5,4,4.75,3.66666666666667,4.6,0,0,0,0,1,0,0,0,0,0,0,0,0,0,0,0,1
"2024/12/03 1:03:35 PM GMT+1",1,0,"High school, or equivalent","non-swiss, non-european",25,13,6,6,6,6,6,6,6,6,2,6,4,6,6,6,6,6,6,6,6,6,3,6,1,3,6,6,6,6,6,6,2,1,0,"I have not contributed to a research project.",5,5,5,5,5,5,5,5,"… learning about myself.",0,1,1,1,1,1,0,0,0,0,0,1,0,1,163,40,5,6,5.2,6,4,6,6,5.66666666666667,5.33333333333333,6,5.5,6,6,6,0,0,0,0,0,1,0,0,0,0,0,0,0,0,0,0,1
"2024/12/03 4:00:41 PM GMT+1",1,0,"Master’s degree, or equivalent","ticino",33,25,6,6,6,3,5,4,3,1,1,6,5,6,5,6,6,1,1,6,6,5,1,4,1,1,5,1,6,5,5,6,3,2,0,"I have not contributed to a research project.",3,3,3,3,2,3,3,2,"... none of the above.;… learning about science or research.",1,3,3,3,3,2,0,0,0,1,1,0,1,0,123,22,14,5.66666666666667,4.8,5.125,3,2.33333333333333,4.75,4.16666666666667,3,4.5,4,4.5,3.33333333333333,4.2,0,0,0,0,0,0,0,0,0,0,1,0,0,0,0,0,1
"2024/12/04 12:33:26 PM GMT+1",1,0,"High school, or equivalent","vaud",21,8,6,6,3,2,6,5,1,6,2,5,5,5,6,6,6,3,3,5,5,5,3,3,1,2,6,1,6,5,3,5,4,3,0,"I have not contributed to a research project.",3,1,1,1,3,3,1,1,"... none of the above.",0,2,2,1,1,2,0,0,1,0,1,0,1,0,126,14,8,5.66666666666667,4.8,5,3.75,3,4,5.16666666666667,4,2.5,3.75,6,4.66666666666667,5,0,0,0,0,0,0,0,0,0,0,1,0,0,0,0,0,1
"2024/12/04 5:21:45 PM GMT+1",1,1,"Master’s degree, or equivalent","genève",31,17.5,7,7,6,5,6,5,5,6,1,5,1,6,5,6,6,3,4,5,3,5,1,2,1,1,1,4,7,1,3,1,5,4,1,"A university or educational institution (ex. Université de Lausanne);A hospital or medical research centre (ex. CHUV)",2,2,5,5,2,2,5,2,"… learning about myself.;… learning a skill.;… learning about science or research.",0,3,3,2,3,2,0,0,1,0,1,0,1,0,119,25,13,4.66666666666667,4.6,3.875,2,3.33333333333333,5.75,4.5,4,5.5,3.25,6.5,6,6.2,0,0,0,0,1,1,1,0,0,0,0,1,1,0,0,0,0
"2024/12/05 1:13:02 PM GMT+1",1,0,"Bachelor’s degree, or equivalent","vaud",24,13,6,6,6,4,5,5,3,4,5,4,5,5,5,5,5,3,3,4,5,4,3,4,1,1,1,5,5,5,4,4,4,3,1,"A university or educational institution (ex. Université de Lausanne)",3,2,2,2,3,3,2,2,"... none of the above.;… financial compensation (argent ou bons).",0,1,1,1,1,1,0,0,1,0,1,0,1,0,125,19,5,5,4.8,4.25,3.25,3.33333333333333,5.25,4.83333333333333,4,5,4.5,5.25,4.66666666666667,4.8,0,0,0,0,0,0,0,0,0,0,1,1,0,0,0,0,0
"2024/12/07 2:06:43 PM GMT+1",1,0,"High school, or equivalent","non-swiss, non-european",20,13,7,6,6,6,5,5,4,7,4,5,3,6,6,6,6,3,4,5,6,6,4,6,3,4,6,6,7,6,6,6,4,4,1,"A university or educational institution (ex. Université de Lausanne)",3,3,3,3,3,3,3,3,"… the possibility to share with friends and family.;… learning about science or research.;… learning about myself.;… networking opportunities.",1,1,2,1,1,1,0,0,0,0,0,1,0,1,160,24,6,6,5.4,6,4.25,4.33333333333333,5.75,5.5,4.66666666666667,6,5,6.25,6.33333333333333,5.8,0,0,0,0,1,1,0,1,1,0,0,1,0,0,0,0,0
"2024/11/07 3:50:06 PM GMT+1",0,1,"Bachelor’s degree, or equivalent","non-swiss, non-european",24,13,6,6,6,5,6,6,5,6,6,6,5,6,6,7,6,6,6,5,6,5,3,5,1,3,6,6,3,5,6,6,5,4,1,"A university or educational institution (ex. University of Lausanne);A commercial or for-profit company (ex. Google)",4,3,5,5,5,4,4,2,"… acknowledgement in citations.;… co-authorship in publications.;… learning a skill.;… networking  opportunities.",1,1,2,1,1,1,0,0,0,0,0,1,0,1,160,32,6,6.33333333333333,6,5.5,4,6,5.75,5.66666666666667,5.33333333333333,5.5,5.25,6,5.66666666666667,5.8,0,1,1,0,0,0,1,0,0,0,0,1,0,0,0,1,0
"2024/11/07 11:18:55 PM GMT+1",0,0,"Bachelor’s degree, or equivalent","non-swiss, european",31,17.5,7,7,6,5,6,5,5,7,3,4,7,5,5,7,7,4,4,5,4,5,4,5,2,3,6,6,7,5,4,3,4,3,0,"I have not contributed to a research project.",3,3,4,4,4,3,3,2,"… learning about myself.;… financial compensation (money or vouchers).;… co-authorship in publications.;… networking opportunities.;... the possibility to share with friends and family.;… learning a skill.;… learning about science or research.",0,2,1,1,3,1,0,0,0,0,0,1,1,0,153,26,8,5.33333333333333,4.8,5.75,4.75,4,5.75,6.16666666666667,6.33333333333333,5.5,5.5,6.75,6.33333333333333,6.4,1,0,1,0,1,1,1,1,1,0,0,0,0,0,0,0,1
"2024/11/08 2:46:00 AM GMT+1",0,0,"Master’s degree, or equivalent","non-swiss, non-european",28,17.5,7,6,5,1,6,4,1,6,1,3,1,6,1,7,2,4,5,5,6,5,1,5,1,1,6,6,6,5,4,1,5,3,1,"A university or educational institution (ex. University of Lausanne);A government organisation (ex. Federal Statistical Office);A commercial or for-profit company (ex. Google)",3,2,2,2,3,2,1,3,"... none of the above.",0,1,1,1,1,1,0,0,0,0,0,1,0,1,118,18,5,4.66666666666667,2.6,4.75,2,4.33333333333333,4,4.83333333333333,2.66666666666667,3,2.75,6.25,4.33333333333333,5.2,0,0,0,0,0,0,0,0,0,0,1,1,0,1,0,1,0
"2024/11/06 8:06:57 PM GMT+1",0,0,"Bachelor’s degree, or equivalent","non-swiss, european",25,13,6,6,5,4,5,4,5,6,4,6,5,6,5,6,6,4,5,6,5,6,4,6,1,1,6,6,7,6,5,4,5,3,1,"A university or educational institution (ex. University of Lausanne)",2,3,3,4,4,2,2,3,"… financial compensation (money or vouchers).;… acknowledgement in citations.;… co-authorship in publication;… networking opportunities.;... the possibility to share with friends and family.",1,2,3,1,1,2,0,0,0,0,0,1,1,0,151,23,9,5.33333333333333,5.4,5.875,4,4.66666666666667,4.75,5.33333333333333,5.33333333333333,4.5,4.75,5.75,5.33333333333333,5.6,1,1,0,0,0,0,0,1,1,0,0,1,0,0,0,0,0
"2024/11/06 8:46:35 PM GMT+1",0,0,"Master’s degree, or equivalent","non-swiss, european",60,17.5,5,6,5,6,7,6,6,6,1,1,1,5,5,7,6,5,1,5,4,6,1,4,1,1,6,6,6,4,6,1,4,4,0,"I have not contributed to a research project.",4,3,2,3,4,4,2,1,"… learning about science or research.;… learning about myself.",1,2,3,2,2,1,0,0,0,0,0,1,1,0,130,23,10,5.33333333333333,3.6,5.125,2.25,4,5.75,4.83333333333333,4.33333333333333,5.5,4.25,6,6,6,0,0,0,0,1,1,0,0,0,0,0,0,0,0,0,0,1
"2024/11/06 9:05:53 PM GMT+1",0,1,"Bachelor’s degree, or equivalent","non-swiss, european",65,25,7,7,7,5,7,6,7,6,2,6,1,7,7,7,7,6,6,6,7,7,5,6,4,2,7,7,7,6,5,4,5,2,0,"I have not contributed to a research project.",3,3,3,3,3,3,3,2,"... none of the above.;… learning about myself.;… financial compensation (money or vouchers).",1,1,3,1,1,1,0,0,0,0,0,1,1,0,174,23,7,7,5.8,6.375,3.75,5.66666666666667,6.25,5.5,4.66666666666667,6,4.5,6.75,6,6.8,0,0,0,0,0,0,0,0,0,0,1,0,0,0,0,0,1
"2024/11/06 10:20:06 PM GMT+1",0,1,"Master’s degree, or equivalent","non-swiss, non-european",30,13,7,7,7,7,7,7,6,7,6,7,6,7,5,7,7,4,7,6,3,7,6,7,3,4,7,7,7,7,7,5,5,4,0,"I have not contributed to a research project.",2,2,3,3,3,4,2,2,"… learning a skill.;… financial compensation (money or vouchers).;… co-authorship in publications.",1,3,3,1,1,2,0,0,0,0,0,1,0,1,187,21,10,5,6.4,6.625,5.75,6,7,6.83333333333333,6.33333333333333,7,6.75,7,7,6.8,1,0,1,0,0,0,1,0,0,0,0,0,0,0,0,0,1
"2024/11/06 10:23:50 PM GMT+1",0,0,"Bachelor’s degree, or equivalent","non-swiss, non-european",24,13,6,6,6,3,6,6,6,6,6,6,6,6,6,6,6,6,6,6,6,6,3,6,6,6,6,6,6,6,6,4,4,4,0,"I have not contributed to a research project.",3,3,3,3,3,3,3,3,"… learning about myself.;… acknowledgement in citations.;… learning a skill;… networking opportunities.;... the possibility to share with friends and family.",1,1,1,1,1,1,0,0,0,0,0,1,0,1,172,24,5,6,6,5.75,5.25,6,5.25,6,6,4.5,5.25,6,5,6,0,1,0,0,0,1,1,1,1,0,0,0,0,0,0,0,1
"2024/11/06 11:32:53 PM GMT+1",0,0,"Master’s degree, or equivalent","non-swiss, european",25,13,7,7,6,6,7,5,3,7,6,6,4,6,6,7,7,5,6,5,5,6,1,6,1,4,6,6,7,6,5,1,3,3,1,"A university or educational institution (ex. University of Lausanne);A government organisation (ex. Federal Statistical Office);A charity or non-government organisation (ex. Red Cross)",3,2,2,2,2,3,3,3,"… learning a skill.;… learning about science or research.;… learning about myself.",1,2,1,2,3,3,0,0,0,0,0,1,1,0,160,20,11,6,6.2,5.625,3.75,5.33333333333333,6,6,4.66666666666667,6,5.25,7,6.66666666666667,6.2,0,0,0,0,1,1,1,0,0,0,0,1,0,1,1,0,0
"2024/11/07 12:26:58 AM GMT+1",0,1,"Master’s degree, or equivalent","non-swiss, european",27,17.5,6,6,5,7,7,6,5,6,6,6,4,6,6,7,6,4,6,5,5,6,1,6,1,1,6,6,7,6,6,1,5,4,1,"A university or educational institution (ex. University of Lausanne);A government organisation (ex. Federal Statistical Office);A charity or non-government organisation (ex. Red Cross)",2,2,2,2,2,2,2,2,"… financial compensation (money or vouchers).;… learning about myself.;… competitive aspects (gamification).;… learning about science or research.;… co-authorship in publications.;… learning a skill.",1,3,3,2,3,1,0,0,0,0,0,1,1,0,156,16,12,6,6,5.5,3,5.33333333333333,6,5.83333333333333,5,6,5.75,6.25,6.33333333333333,6,1,0,1,0,1,1,1,0,0,1,0,1,0,1,1,0,0
"2024/11/07 1:45:43 AM GMT+1",0,0,"Master’s degree, or equivalent","non-swiss, european",25,17.5,6,1,5,5,6,4,6,7,6,6,1,6,6,6,7,5,6,5,6,5,5,6,1,5,6,6,6,5,6,1,5,4,0,"I have not contributed to a research project.",3,3,3,3,3,3,2,3,"… learning about myself.;… learning about science or research.",0,1,2,1,2,2,0,0,0,0,0,1,1,0,152,23,8,6,6.2,5.25,4,5.66666666666667,3.75,5,4.66666666666667,5,4,5,4.33333333333333,5.2,0,0,0,0,1,1,0,0,0,0,0,0,0,0,0,0,1
"2024/11/07 10:34:44 AM GMT+1",0,0,"High school, or equivalent","non-swiss, european",31,17.5,6,6,6,6,6,6,5,6,5,5,5,5,6,6,5,4,5,5,5,5,5,5,1,1,6,6,7,6,5,5,4,4,0,"I have not contributed to a research project.",4,5,5,5,4,4,1,3,"… learning about myself.;… learning about science or research.",0,2,1,1,1,1,0,0,0,0,0,1,1,0,155,31,6,5.66666666666667,5.2,5.75,4,4.66666666666667,6,5.66666666666667,5.33333333333333,6,5.5,6,6,5.8,0,0,0,0,1,1,0,0,0,0,0,0,0,0,0,0,1
"2024/11/07 10:42:09 AM GMT+1",0,0,"Bachelor’s degree, or equivalent","non-swiss, non-european",22,13,6,6,6,1,6,5,6,7,7,6,6,6,5,6,6,4,5,6,5,6,5,5,3,2,6,6,7,6,6,5,5,4,0,"I have not contributed to a research project.",4,3,3,3,4,4,3,3,"… learning about myself.;… learning a skill;... the possibility to share with friends and family.",1,1,2,1,1,1,0,0,0,0,0,1,0,1,162,27,6,5.33333333333333,6,6,4.75,5,4.5,5.83333333333333,6.33333333333333,3.5,4.25,6.25,4.66666666666667,6.2,0,0,0,0,0,1,1,0,1,0,0,0,0,0,0,0,1
"2024/11/07 11:04:10 AM GMT+1",0,1,"Master’s degree, or equivalent","non-swiss, non-european",47,17.5,7,6,2,6,7,7,6,7,3,6,6,7,7,7,6,7,6,6,6,6,6,6,3,3,5,6,6,4,4,6,4,3,1,"A charity or non-government organisation (ex. Red Cross)",3,3,4,5,3,4,3,5,"… learning about science or research.;… learning about myself.",1,2,3,1,2,3,0,0,0,0,0,1,0,1,170,30,11,6.66666666666667,5.8,5.75,5.25,5.66666666666667,5.25,6.66666666666667,6.33333333333333,4,6.25,6.75,6.33333333333333,6.6,0,0,0,0,1,1,0,0,0,0,0,0,0,0,1,0,0
"2024/11/07 11:30:52 AM GMT+1",0,1,"Bachelor’s degree, or equivalent","non-swiss, european",32,17.5,4,6,5,6,7,5,5,6,3,5,5,7,6,6,5,5,5,5,6,7,4,6,5,3,6,2,6,5,5,4,4,3,0,"I have not contributed to a research project.",2,3,2,2,3,3,2,2,"… learning about myself.;… learning a skill.",0,2,1,1,1,1,0,0,0,0,0,1,1,0,155,19,6,6,5.2,4.875,4.75,5,5.5,5.5,5.33333333333333,5.5,5.5,5.75,6,5.6,0,0,0,0,0,1,1,0,0,0,0,0,0,0,0,0,1
"2024/11/07 11:47:21 AM GMT+1",0,1,"Bachelor’s degree, or equivalent","non-swiss, european",31,17.5,3,3,3,3,3,3,2,3,3,3,3,3,3,3,3,3,3,3,3,3,3,3,3,3,3,3,3,3,3,1,5,4,1,"A university or educational institution (ex. University of Lausanne)",5,5,5,5,5,5,5,5,"… competitive aspects (gamification).;… learning about science or research.;… financial compensation (money or vouchers).;… networking opportunities.;… learning about myself.;… having a more active role in the project.;… learning a skill.",1,3,2,3,3,3,0,0,0,0,0,1,1,0,87,40,14,3,3,2.75,3,3,3,3,2.66666666666667,3,3,3,3,2.8,1,0,0,1,1,1,1,1,0,1,0,1,0,0,0,0,0
"2024/11/07 12:03:16 PM GMT+1",1,0,"Bachelor’s degree, or equivalent","non-swiss, european",24,8,7,7,7,5,7,6,6,7,4,7,6,6,6,7,7,7,6,6,7,4,1,6,1,1,7,6,4,6,5,6,5,4,0,"I have not contributed to a research project.",5,1,5,5,5,5,5,1,"... none of the above.",0,1,3,1,3,1,0,0,0,0,0,1,1,0,168,32,9,6.66666666666667,6,6.125,3,6,6.25,6.5,6.33333333333333,6,5.75,7,6.33333333333333,6.8,0,0,0,0,0,0,0,0,0,0,1,0,0,0,0,0,1
"2024/11/07 12:25:07 PM GMT+1",0,0,"Bachelor’s degree, or equivalent","non-swiss, european",37,25,6,6,5,5,7,5,5,6,6,6,6,6,2,7,6,3,5,5,2,5,1,5,1,1,5,6,7,4,4,5,4,2,1,"A university or educational institution (ex. University of Lausanne)",4,2,3,3,3,2,2,2,"… financial compensation (money or vouchers).;… learning about myself.",0,1,1,1,1,1,0,0,0,0,0,1,1,0,143,21,5,3.66666666666667,5.2,5.625,3.25,4,5.25,5.83333333333333,5.66666666666667,5,5.25,6.25,5.66666666666667,6,1,0,0,0,0,1,0,0,0,0,0,1,0,0,0,0,0
"2024/11/07 12:36:49 PM GMT+1",0,0,"Master’s degree, or equivalent","non-swiss, european",38,25,6,6,5,5,6,5,5,6,6,6,1,5,5,6,6,5,5,5,6,6,2,5,1,1,6,5,6,6,5,5,4,4,0,"I have not contributed to a research project.",3,3,3,3,3,3,3,3,"... none of the above.",0,2,2,2,2,2,0,0,0,0,0,1,1,0,148,24,10,5.66666666666667,5.6,5.625,2.5,5,5.25,4.83333333333333,4,5,4,6,5.66666666666667,5.8,0,0,0,0,0,0,0,0,0,0,1,0,0,0,0,0,1
"2024/11/07 1:07:49 PM GMT+1",0,1,"High school, or equivalent","non-swiss, european",65,25,6,5,1,1,6,3,4,6,1,1,1,3,5,7,7,3,4,4,1,6,5,5,5,1,6,4,7,5,5,4,3,1,0,"I have not contributed to a research project.",3,3,1,3,5,2,1,1,"... none of the above.",0,1,1,1,1,1,0,0,0,0,0,1,1,0,122,19,5,4.33333333333333,3.4,5.5,3.25,4,2.5,4.5,3.66666666666667,1,2.5,5.75,4,5.4,0,0,0,0,0,0,0,0,0,0,1,0,0,0,0,0,1
"2024/11/07 1:54:44 PM GMT+1",0,0,"Bachelor’s degree, or equivalent","non-swiss, european",63,25,4,7,5,6,5,5,3,6,2,6,4,6,5,6,7,5,5,5,4,6,3,5,4,1,6,6,4,3,4,3,4,2,1,"A hospital or medical research centre (ex. CHUV);A government organisation (ex. Federal Statistical Office)",2,2,2,2,2,2,2,2,"... none of the above.",0,1,1,1,1,1,0,0,0,0,0,1,1,0,141,16,5,5,5.2,5,3.5,4.66666666666667,5.75,4.83333333333333,4.33333333333333,5.5,5,5.5,6.33333333333333,5,0,0,0,0,0,0,0,0,0,0,1,0,1,1,0,0,0
"2024/11/07 2:17:32 PM GMT+1",0,1,"Bachelor’s degree, or equivalent","non-swiss, european",42,25,7,7,4,4,7,6,3,6,3,5,2,5,5,6,6,5,5,4,5,5,4,5,4,1,6,6,7,5,5,5,5,2,0,"I have not contributed to a research project.",1,1,1,1,1,2,1,1,"... none of the above.",0,3,3,3,3,1,0,0,0,0,0,1,1,0,148,9,13,5.33333333333333,4.8,5.625,3,5,5.25,5.5,3.66666666666667,4,4.25,6.75,5.66666666666667,6,0,0,0,0,0,0,0,0,0,0,1,0,0,0,0,0,1
"2024/11/07 2:35:04 PM GMT+1",0,1,"A levels in the UK","non-swiss, european",44,17.5,7,7,6,4,6,6,6,6,1,5,4,7,6,6,6,6,6,6,6,6,6,6,1,1,6,6,7,6,6,3,3,3,0,"I have not contributed to a research project.",1,2,2,2,2,2,2,2,"… learning a skill.",1,2,2,1,2,2,0,0,0,0,0,1,1,0,161,15,9,6,5,5.75,4.25,6,5.75,5.83333333333333,5.33333333333333,5,5,6.5,5.66666666666667,6.4,0,0,0,0,0,0,1,0,0,0,0,0,0,0,0,0,1
"2024/11/07 2:49:33 PM GMT+1",0,1,"Doctoral degree, or equivalent","non-swiss, european",41,25,6,6,3,6,6,4,1,2,3,6,2,6,6,6,6,6,5,5,6,6,5,4,1,1,6,6,6,4,4,5,4,3,1,"A university or educational institution (ex. University of Lausanne);A hospital or medical research centre (ex. CHUV);A government organisation (ex. Federal Statistical Office)",5,3,3,5,5,2,1,2,"… financial compensation (money or vouchers).;… co-authorship in publications.",0,1,1,1,1,2,0,0,0,0,0,1,1,0,139,26,6,6,5.4,5.5,3.5,5,4.75,4,1.66666666666667,4.5,4,5,4.66666666666667,4.2,1,0,1,0,0,0,0,0,0,0,0,1,1,1,0,0,0
"2024/11/07 4:16:04 PM GMT+1",0,0,"Bachelor’s degree, or equivalent","non-swiss, european",51,25,6,6,6,6,6,6,4,1,6,6,5,6,6,6,6,5,4,5,6,6,6,6,6,6,6,6,6,6,3,4,5,3,1,"A university or educational institution (ex. University of Lausanne);A government organisation (ex. Federal Statistical Office);A charity or non-government organisation (ex. Red Cross)",2,2,2,2,2,2,2,2,"... none of the above.",0,2,3,2,2,2,0,0,0,0,0,1,1,0,163,16,11,6,6,5.625,5.75,4,6,5,3.33333333333333,6,5.75,4.75,4.33333333333333,4.6,0,0,0,0,0,0,0,0,0,0,1,1,0,1,1,0,0
"2024/11/07 6:43:39 PM GMT+1",0,1,"Bachelor’s degree, or equivalent","non-swiss, european",56,25,6,7,4,6,7,7,6,6,4,5,4,4,6,7,7,4,5,4,6,4,4,5,5,4,6,7,4,5,4,5,4,3,1,"A hospital or medical research centre (ex. CHUV)",2,2,2,2,2,2,2,2,"... none of the above.",0,1,3,1,3,2,0,0,0,0,0,1,1,0,158,16,10,6.33333333333333,5.2,5.625,4,4.33333333333333,6,5.83333333333333,5.33333333333333,5,5.5,6.5,6.33333333333333,6.4,0,0,0,0,0,0,0,0,0,0,1,0,1,0,0,0,0
"2024/11/07 7:18:13 PM GMT+1",0,1,"Master’s degree, or equivalent","non-swiss, european",46,17.5,5,6,6,2,6,5,5,5,1,5,1,6,5,6,7,5,4,4,3,5,1,5,1,1,6,3,6,5,3,1,5,3,1,"A university or educational institution (ex. University of Lausanne)",2,2,2,2,2,2,2,1,"... none of the above.",0,3,3,1,1,2,0,0,0,0,0,1,1,0,124,15,10,4.66666666666667,4.8,4.75,2,4,4.75,4.5,3.66666666666667,4,3.25,5.5,4.33333333333333,5.4,0,0,0,0,0,0,0,0,0,0,1,1,0,0,0,0,0
"2024/11/07 8:22:51 PM GMT+1",0,1,"Doctoral degree, or equivalent","non-swiss, european",66,25,7,5,4,4,6,6,6,6,4,5,4,5,5,6,5,6,5,5,5,6,4,6,4,3,5,5,6,6,5,4,4,3,1,"A hospital or medical research centre (ex. CHUV)",3,3,3,3,3,3,3,3,"… competitive aspects (gamification).;… having a more active role in the project.;… acknowledgement in citations.;… learning about science or research.",1,2,2,2,2,2,0,0,0,0,0,1,1,0,153,24,10,5.33333333333333,4.8,5.25,4.25,5.33333333333333,4.75,5.83333333333333,5.33333333333333,4,5,6,5,6,0,1,0,1,1,0,0,0,0,1,0,0,1,0,0,0,0
"2024/11/07 8:36:09 PM GMT+1",0,1,"Bachelor’s degree, or equivalent","non-swiss, european",25,17.5,7,7,6,6,7,7,5,6,6,5,5,6,7,7,6,4,5,5,7,6,5,7,3,4,6,7,6,5,5,7,4,2,1,"A university or educational institution (ex. University of Lausanne)",2,2,2,2,3,2,2,2,"… learning about myself.;… financial compensation (money or vouchers);… networking opportunities.",0,3,2,1,2,2,0,0,0,0,0,1,1,0,175,17,10,7,6,6.125,5,4.66666666666667,6.5,6.5,5.33333333333333,6,6.25,6.75,6.33333333333333,6.4,1,0,0,0,0,1,0,1,0,0,0,1,0,0,0,0,0
"2024/11/07 8:41:15 PM GMT+1",0,1,"Master’s degree, or equivalent","non-swiss, european",61,25,6,6,6,4,6,4,5,6,4,5,2,5,6,6,6,4,5,5,4,5,4,5,6,2,5,5,6,5,4,3,4,4,0,"A university or educational institution (ex. University of Lausanne)",2,2,2,2,2,2,1,1,"... none of the above.",0,1,1,1,3,1,0,0,0,0,0,1,1,0,145,14,7,5.33333333333333,5.2,5.125,3.25,4.33333333333333,5,4.83333333333333,4.33333333333333,5,3.75,6,5.33333333333333,5.8,0,0,0,0,0,0,0,0,0,0,1,1,0,0,0,0,0
"2024/11/07 8:53:21 PM GMT+1",0,0,"Master’s degree, or equivalent","non-swiss, european",51,25,6,6,6,5,6,6,5,6,5,5,5,5,5,6,6,5,5,6,6,6,5,6,4,3,6,6,5,5,6,6,4,2,1,"A university or educational institution (ex. University of Lausanne);A hospital or medical research centre (ex. CHUV);A commercial or for-profit company (ex. Google)",3,3,1,2,2,2,2,2,"… learning about myself.",0,1,3,1,3,3,0,0,0,0,0,1,1,0,163,17,11,5.66666666666667,5.2,5.75,4.75,5.33333333333333,5.75,5.83333333333333,5.33333333333333,5.5,5.5,6,5.66666666666667,5.8,0,0,0,0,0,1,0,0,0,0,0,1,1,0,0,1,0
"2024/11/07 9:13:57 PM GMT+1",0,1,"Master’s degree, or equivalent","non-swiss, european",57,17.5,6,4,6,5,6,5,6,6,3,4,5,6,6,6,6,5,5,5,5,6,5,6,5,5,6,6,6,5,6,3,5,3,0,"I have not contributed to a research project.",4,4,4,4,4,4,4,4,"… learning a skill.;… learning about science or research.",1,1,1,1,1,1,0,0,0,0,0,1,1,0,159,32,5,5.66666666666667,5,5.375,5.25,5.33333333333333,5,5.66666666666667,5.66666666666667,5.5,5.25,5.5,5,5.6,0,0,0,0,1,0,1,0,0,0,0,0,0,0,0,0,1
"2024/11/07 9:37:24 PM GMT+1",0,1,"Master’s degree, or equivalent","non-swiss, european",51,25,7,6,6,6,6,6,4,6,1,6,2,6,6,6,6,5,5,5,5,5,5,6,6,1,6,6,6,5,6,2,4,3,1,"A commercial or for-profit company (ex. Google)",3,3,2,2,2,2,1,2,"… learning about myself.;… financial compensation (money or vouchers).",1,3,3,2,2,2,0,0,0,0,0,1,1,0,154,17,12,5.66666666666667,5,5.25,3.25,5.33333333333333,6,5.5,4,6,5,6.25,6,5.8,1,0,0,0,0,1,0,0,0,0,0,0,0,0,0,1,0
"2024/11/07 9:44:58 PM GMT+1",0,1,"Bachelor’s degree, or equivalent","non-swiss, european",50,25,6,2,6,4,5,5,6,6,2,5,3,5,4,7,7,5,6,4,4,5,3,3,5,1,5,1,6,1,3,4,4,2,0,"I have not contributed to a research project.",2,2,2,2,2,2,2,2,"... none of the above.",0,1,1,1,1,1,0,0,0,0,0,1,1,0,129,16,5,5,4.6,4.375,3,4.66666666666667,4.25,4.66666666666667,5,5,3.75,4.75,4,5,0,0,0,0,0,0,0,0,0,0,1,0,0,0,0,0,1
"2024/11/07 10:03:20 PM GMT+1",0,1,"Bachelor’s degree, or equivalent","non-swiss, european",64,13,6,6,4,2,5,1,6,5,1,6,1,6,6,5,4,5,6,4,3,6,4,6,5,1,6,6,5,5,4,1,4,3,0,"I have not contributed to a research project.",5,4,5,5,5,5,5,5,"… having a more active role in the project.",0,1,1,1,1,1,0,0,0,0,0,1,1,0,131,39,5,4.66666666666667,4.6,4.5,3,5,3.25,4,4,3,2.5,5.5,4.33333333333333,5.6,0,0,0,1,0,0,0,0,0,0,0,0,0,0,0,0,1
"2024/11/07 10:12:00 PM GMT+1",0,1,"Master’s degree, or equivalent","non-swiss, european",57,25,6,6,3,4,6,5,6,5,2,5,3,6,6,6,6,5,5,5,6,5,5,5,5,3,6,6,7,4,6,5,5,4,1,"A university or educational institution (ex. University of Lausanne);A hospital or medical research centre (ex. CHUV);A government organisation (ex. Federal Statistical Office)",3,4,3,3,3,3,3,3,"... none of the above.;… learning about science or research.",1,2,2,2,2,2,0,0,0,0,0,1,1,0,153,25,10,6,5,5.625,4,5.33333333333333,4.5,5,4.66666666666667,3.5,4.25,5.75,5,5.8,0,0,0,0,0,0,0,0,0,0,1,1,1,1,0,0,0
"2024/11/07 10:29:25 PM GMT+1",0,0,"Master’s degree, or equivalent","non-swiss, european",36,25,6,7,5,6,7,6,3,6,4,5,6,4,6,6,5,5,5,5,4,6,1,6,1,1,6,6,7,1,5,4,5,4,1,"A university or educational institution (ex. University of Lausanne);A charity or non-government organisation (ex. Red Cross);A commercial or for-profit company (ex. Google)",1,1,1,1,1,1,1,1,"… financial compensation (money or vouchers).;… learning about myself.;… learning a skill.",1,2,3,3,3,2,0,0,0,0,0,1,1,0,145,8,13,5.33333333333333,4.8,5,3.5,5,6,6.16666666666667,5,5.5,6,6.5,6.33333333333333,5.8,1,0,0,0,0,1,1,0,0,0,0,1,0,0,1,1,0
"2024/11/07 11:56:12 PM GMT+1",0,1,"Master’s degree, or equivalent","non-swiss, european",57,25,6,6,5,6,7,5,6,6,2,5,5,6,6,7,6,5,5,5,5,5,3,6,4,2,6,6,3,2,2,2,5,4,0,"I have not contributed to a research project.",2,3,3,3,2,2,1,1,"… financial compensation (money or vouchers).;… learning about science or research.;… learning a skill.;… acknowledgement in citations.",1,1,1,1,1,1,0,0,0,0,0,1,1,0,145,17,5,6,5,4.625,3.75,4,5.5,5.83333333333333,5.66666666666667,5.5,5.5,6.25,6,6.2,1,1,0,0,1,0,1,0,0,0,0,0,0,0,0,0,1
"2024/11/08 12:43:16 AM GMT+1",0,1,"Doctoral degree, or equivalent","non-swiss, european",55,25,6,6,5,5,7,6,4,6,3,3,6,7,6,7,7,6,5,5,5,6,3,6,2,1,6,7,4,2,4,4,3,2,1,"A university or educational institution (ex. University of Lausanne);A hospital or medical research centre (ex. CHUV)",2,2,3,2,3,2,2,1,"... none of the above.",0,3,3,3,3,3,0,0,0,0,0,1,1,0,150,17,15,6,5.2,5.25,4,5,5.5,6.16666666666667,5.33333333333333,5,5.75,6.25,5.66666666666667,5.8,0,0,0,0,0,0,0,0,0,0,1,1,1,0,0,0,0
"2024/11/08 1:31:24 AM GMT+1",0,0,"Bachelor’s degree, or equivalent","non-swiss, non-european",43,25,6,7,6,4,6,6,5,6,6,6,6,6,6,7,6,6,5,5,6,6,6,6,3,4,6,6,6,5,5,2,5,3,1,"A university or educational institution (ex. University of Lausanne);A charity or non-government organisation (ex. Red Cross)",5,5,5,5,4,5,4,4,"… learning a skill.;… learning about myself.;… learning about science or research.",1,3,3,3,3,3,0,0,0,0,0,1,0,1,166,37,15,6.33333333333333,6,5.375,5.5,5.33333333333333,5.75,6,5.66666666666667,5,5.5,6.25,5.66666666666667,6,0,0,0,0,1,1,1,0,0,0,0,1,0,0,1,0,0
"2024/11/08 9:14:48 AM GMT+1",0,0,"Bachelor’s degree, or equivalent","non-swiss, european",60,25,6,6,5,4,6,5,5,6,1,1,2,6,5,5,6,5,5,5,5,5,4,5,1,2,6,5,6,3,5,5,4,3,1,"A university or educational institution (ex. University of Lausanne)",3,3,3,3,2,2,1,1,"… learning a skill.;… learning about science or research.;… financial compensation (money or vouchers).;… learning about myself.;… having a more active role in the project.",0,1,1,1,1,1,0,0,0,0,0,1,1,0,136,18,5,5,3.8,5.125,3.25,5,5,5,4.33333333333333,4.5,4,6,5.33333333333333,5.8,1,0,0,1,1,1,1,0,0,0,0,1,0,0,0,0,0
"2024/11/08 9:49:21 AM GMT+1",0,0,"Master’s degree, or equivalent","non-swiss, european",68,25,6,6,5,4,5,3,2,6,6,1,4,4,6,6,6,5,5,5,5,4,1,1,1,1,5,5,6,1,3,1,1,1,1,"A university or educational institution (ex. University of Lausanne);A hospital or medical research centre (ex. CHUV);A government organisation (ex. Federal Statistical Office)",3,3,4,4,3,3,2,2,"... none of the above.",0,2,3,1,3,3,0,0,0,0,0,1,1,0,119,24,12,5.66666666666667,4.6,4.375,2.5,4.33333333333333,4.5,4.16666666666667,4,4.5,3,5.75,5.33333333333333,5,0,0,0,0,0,0,0,0,0,0,1,1,1,1,0,0,0
"2024/11/08 3:08:23 PM GMT+1",0,0,"Bachelor’s degree, or equivalent","non-swiss, european",48,25,6,6,6,3,7,4,4,6,6,5,1,5,5,6,6,5,6,4,4,5,1,5,4,1,6,5,7,4,5,2,3,1,0,"I have not contributed to a research project.",2,1,1,1,1,1,1,1,"... none of the above.",0,1,2,1,2,1,0,0,0,0,0,1,1,0,140,9,7,5,5.4,5,2,5.33333333333333,4.75,4.83333333333333,3.66666666666667,4.5,3.25,6.25,5,5.8,0,0,0,0,0,0,0,0,0,0,1,0,0,0,0,0,1
"2024/11/08 6:54:54 PM GMT+1",1,0,"Master’s degree, or equivalent","vaud",27,17.5,6,6,4,5,6,5,5,6,5,4,5,6,5,6,6,3,1,5,5,6,3,6,1,3,6,5,6,5,4,6,5,3,0,"I have not contributed to a research project.",4,2,4,5,3,3,3,3,"... none of the above.;… having a more active role in the project.;… financial compensation (money or vouchers).;… competitive aspects (gamification).",0,1,3,1,3,1,0,0,1,0,1,0,1,0,145,27,9,5.33333333333333,5.2,5.625,4.25,2.66666666666667,5,5.66666666666667,5.33333333333333,4.5,5.25,6,5.66666666666667,5.8,0,0,0,0,0,0,0,0,0,0,1,0,0,0,0,0,1
"2024/11/09 3:34:26 PM GMT+1",0,0,"High school, or equivalent","non-swiss, european",32,25,7,7,6,5,6,5,5,6,5,5,4,4,4,6,7,5,5,5,5,6,6,6,4,1,6,6,7,6,4,4,4,4,0,"I have not contributed to a research project.",2,2,2,3,3,3,2,2,"… learning about myself.;… acknowledgement in citations.;… learning a skill.;… financial compensation (money or vouchers).;… learning about science or research.",1,1,1,1,1,1,0,0,0,0,0,1,1,0,158,19,5,5,5,5.875,4.25,4.66666666666667,5.75,5.66666666666667,5,5.5,5,6.5,6,6.2,1,1,0,0,1,1,1,0,0,0,0,0,0,0,0,0,1
"2024/11/09 3:47:20 PM GMT+1",0,1,"High school, or equivalent","non-swiss, european",54,25,7,7,5,7,5,6,5,3,3,4,4,7,7,5,7,6,6,6,7,6,1,4,6,1,3,6,7,5,7,5,5,3,1,"A commercial or for-profit company (ex. Google)",5,4,4,5,4,4,4,4,"… learning a skill.;… having a more active role in the project.",1,3,3,2,2,2,0,0,0,0,0,1,1,0,158,34,12,6.33333333333333,5.6,5.5,3,6.33333333333333,6.25,4.83333333333333,4,6,5.25,5.5,5.66666666666667,5.4,0,0,0,1,0,0,1,0,0,0,0,0,0,0,0,1,0
"2024/11/09 4:06:36 PM GMT+1",0,0,"High school, or equivalent","non-swiss, european",62,25,6,6,4,1,6,5,2,6,6,1,5,4,4,6,6,5,5,4,5,6,6,6,4,1,6,2,6,6,4,1,5,4,0,"I have not contributed to a research project.",3,3,3,3,3,3,3,3,"... none of the above.",0,1,2,1,1,1,0,0,0,0,0,1,1,0,135,24,6,5,4.2,4.625,4.5,4.66666666666667,4,5.66666666666667,4.33333333333333,2.5,4.25,6,4.33333333333333,5.2,0,0,0,0,0,0,0,0,0,0,1,0,0,0,0,0,1
"2024/11/09 4:13:51 PM GMT+1",0,0,"Bachelor’s degree, or equivalent","non-swiss, european",64,25,6,6,6,6,7,5,7,6,1,5,1,3,6,6,6,5,1,5,1,6,1,5,1,1,6,6,5,5,5,3,4,3,0,"I have not contributed to a research project.",3,3,3,3,3,3,3,4,"… financial compensation (money or vouchers).;… learning about science or research.",1,2,2,1,1,3,0,0,0,0,0,1,1,0,133,25,9,4.33333333333333,4.2,5.25,2.25,3.66666666666667,5.75,5,4.66666666666667,6,4.25,6.25,6,6.4,1,0,0,0,1,0,0,0,0,0,0,0,0,0,0,0,1
"2024/11/09 4:15:57 PM GMT+1",0,0,"Bachelor’s degree, or equivalent","non-swiss, european",65,25,7,6,5,5,6,6,5,6,5,6,3,7,6,6,7,5,5,5,5,7,5,5,6,5,5,5,5,5,3,5,4,1,1,"A charity or non-government organisation (ex. Red Cross)",4,4,4,4,4,4,4,4,"... none of the above.;… learning about science or research.;… financial compensation (money or vouchers).;… learning a skill.",1,2,2,1,2,1,0,0,0,0,0,1,1,0,162,32,8,5.66666666666667,6.2,5.375,5,4.33333333333333,5.5,5.5,4.66666666666667,5,4.75,6.25,5.66666666666667,6,0,0,0,0,0,0,0,0,0,0,1,0,0,0,1,0,0
"2024/11/09 4:18:04 PM GMT+1",0,1,"Master’s degree, or equivalent","non-swiss, european",39,25,3,3,3,2,3,3,3,3,3,3,3,3,2,3,3,3,3,3,2,3,3,3,1,2,3,3,3,3,3,2,4,4,1,"A university or educational institution (ex. University of Lausanne)",2,2,3,3,3,2,2,2,"… learning a skill.;… financial compensation (money or vouchers).;… acknowledgement in citations.",1,1,2,2,3,2,0,0,0,0,0,1,1,0,83,19,10,2.33333333333333,2.8,2.875,2.75,3,2.75,3,3,2.5,2.75,3,2.66666666666667,3,1,1,0,0,0,0,1,0,0,0,0,1,0,0,0,0,0
"2024/11/09 4:18:24 PM GMT+1",0,1,"Compulsory education","non-swiss, european",66,25,6,6,1,1,6,1,1,1,1,4,1,1,1,6,6,5,5,3,5,6,6,5,1,1,1,4,6,1,5,1,3,2,0,"I have not contributed to a research project.",5,5,5,5,5,5,5,5,"… learning about myself.;… learning about science or research.",0,1,1,1,1,1,0,0,0,0,0,1,1,0,98,40,5,4,2.6,3.5,3.5,5,2.25,3.33333333333333,1,1,2,4.75,2.66666666666667,4,0,0,0,0,1,1,0,0,0,0,0,0,0,0,0,0,1
"2024/11/09 4:20:42 PM GMT+1",0,1,"Doctoral degree, or equivalent","non-swiss, european",54,25,4,4,4,4,4,4,4,4,1,4,4,4,4,4,4,4,4,4,4,4,4,4,4,2,4,4,4,4,4,4,4,3,1,"A commercial or for-profit company (ex. Google)",3,1,2,2,2,3,3,2,"… learning about science or research.;… learning a skill.;… learning about myself.",1,2,1,1,1,1,0,0,0,0,0,1,1,0,115,18,6,4,3.4,4,3.5,4,4,4,4,4,4,4,4,4,0,0,0,0,1,1,1,0,0,0,0,0,0,0,0,1,0
"2024/11/09 5:00:20 PM GMT+1",0,0,"Bachelor’s degree, or equivalent","non-swiss, european",63,25,3,3,3,2,3,3,3,3,3,1,3,3,3,3,3,3,3,3,3,3,3,3,2,1,3,3,3,3,3,1,4,3,1,"A university or educational institution (ex. University of Lausanne);A charity or non-government organisation (ex. Red Cross)",2,2,3,3,3,2,4,3,"… learning about science or research.;… learning a skill.",0,1,1,1,1,1,0,0,0,0,0,1,1,0,82,22,5,3,2.6,2.75,2.5,3,2.75,3,3,2.5,2.75,3,2.66666666666667,3,0,0,0,0,1,0,1,0,0,0,0,1,0,0,1,0,0
"2024/11/09 5:16:00 PM GMT+1",0,0,"Bachelor’s degree, or equivalent","non-swiss, european",67,13,6,4,5,1,6,5,6,6,6,4,6,4,6,6,6,5,5,5,6,5,5,6,1,3,5,1,6,1,6,1,3,2,0,"I have not contributed to a research project.",3,3,3,3,3,3,3,3,"... none of the above.",0,1,1,1,1,1,0,0,0,0,0,1,1,0,138,24,5,6,5.2,3.875,4.75,5.33333333333333,3.75,5.83333333333333,6,3,4.5,5.5,3.66666666666667,5.6,0,0,0,0,0,0,0,0,0,0,1,0,0,0,0,0,1
"2024/11/09 5:41:07 PM GMT+1",0,0,"Bachelor’s degree, or equivalent","non-swiss, european",31,17.5,7,7,5,5,5,5,1,6,4,4,5,6,5,6,6,5,5,5,5,6,4,6,1,2,6,5,6,5,5,1,4,4,1,"A hospital or medical research centre (ex. CHUV)",2,2,1,1,1,3,1,2,"… learning about myself.;… competitive aspects (gamification).",1,1,1,1,1,1,0,0,0,0,0,1,1,0,144,13,5,5.33333333333333,5,5,4.25,5,5.5,5.66666666666667,4,5,5.25,6.25,6,5.2,0,0,0,0,0,1,0,0,0,1,0,0,1,0,0,0,0
"2024/11/09 5:44:59 PM GMT+1",0,0,"Bachelor’s degree, or equivalent","non-swiss, european",41,25,6,6,6,5,6,6,1,6,5,5,5,6,4,6,6,6,6,5,5,7,5,6,5,1,6,6,6,5,5,1,5,3,0,"I have not contributed to a research project.",4,4,4,4,4,4,4,4,"... none of the above.",0,1,2,2,2,1,0,0,0,0,0,1,1,0,154,32,8,5,5.2,5.125,4.5,5.66666666666667,5.75,5.83333333333333,4,5.5,5.5,6,5.66666666666667,5,0,0,0,0,0,0,0,0,0,0,1,0,0,0,0,0,1
"2024/11/09 5:51:54 PM GMT+1",0,0,"Bachelor’s degree, or equivalent","non-swiss, non-european",64,25,6,5,4,5,6,4,5,4,5,3,3,6,6,6,6,6,6,5,5,6,5,3,2,1,6,6,6,5,4,5,4,4,1,"A government organisation (ex. Federal Statistical Office);A charity or non-government organisation (ex. Red Cross)",3,3,3,3,3,3,2,3,"… co-authorship in publications.;… learning a skill.;… learning about myself.;… having a more active role in the project.;… learning about science or research.",1,1,3,1,3,3,0,0,0,0,0,1,0,1,145,23,11,5.66666666666667,5.2,5.625,3.75,5.33333333333333,4.5,4.33333333333333,4,4.5,3.75,5.25,4.66666666666667,5.2,0,0,1,1,1,1,1,0,0,0,0,0,0,1,1,0,0
"2024/11/09 6:13:59 PM GMT+1",0,0,"Bachelor’s degree, or equivalent","non-swiss, european",43,25,6,6,5,4,7,6,5,6,5,6,5,5,5,6,6,6,5,5,6,6,4,5,1,1,5,6,5,3,5,1,3,3,0,"I have not contributed to a research project.",5,5,5,5,5,5,5,5,"... none of the above.",0,1,1,1,1,1,0,0,0,0,0,1,1,0,147,40,5,5.66666666666667,5.4,4.625,4,5.33333333333333,5.25,5.83333333333333,5.33333333333333,4.5,5,6.25,5.33333333333333,6,0,0,0,0,0,0,0,0,0,0,1,0,0,0,0,0,1
"2024/11/09 6:30:54 PM GMT+1",0,1,"Bachelor’s degree, or equivalent","non-swiss, european",69,25,1,1,1,1,1,5,6,1,1,6,5,6,6,6,6,4,4,5,1,1,1,1,1,1,1,1,1,1,4,1,3,3,0,"I have not contributed to a research project.",3,3,3,3,3,3,3,3,"... none of the above.",0,1,1,1,1,1,0,0,0,0,0,1,1,0,81,24,5,4.33333333333333,5,2.75,2,4,2,2.33333333333333,4,1,3,1,1,2,0,0,0,0,0,0,0,0,0,0,1,0,0,0,0,0,1
"2024/11/09 6:36:27 PM GMT+1",0,1,"Bachelor’s degree, or equivalent","non-swiss, european",56,25,6,6,6,6,6,6,3,7,4,6,1,6,3,6,6,6,1,6,1,6,4,6,3,1,6,6,7,6,1,1,5,2,0,"I have not contributed to a research project.",2,2,2,2,2,2,2,2,"... none of the above.",0,1,1,1,1,3,0,0,0,0,0,1,1,0,139,16,7,3.33333333333333,5,5.5,3,2.66666666666667,6,5.33333333333333,3.66666666666667,6,4.75,6.25,6.33333333333333,5.6,0,0,0,0,0,0,0,0,0,0,1,0,0,0,0,0,1
"2024/11/09 7:00:41 PM GMT+1",0,0,"Bachelor’s degree, or equivalent","non-swiss, european",61,25,6,6,2,5,6,5,4,6,1,6,6,5,6,7,7,5,5,5,5,6,6,6,4,4,6,3,7,5,4,5,3,3,1,"A commercial or for-profit company (ex. Google)",3,2,4,5,3,5,5,3,"... none of the above.",1,1,1,1,1,1,0,0,0,0,0,1,1,0,154,30,5,6,5,5.625,5.5,4.66666666666667,4.5,5.83333333333333,5.33333333333333,3.5,5.5,6,5.66666666666667,5.6,0,0,0,0,0,0,0,0,0,0,1,0,0,0,0,1,0
"2024/11/09 7:26:30 PM GMT+1",0,0,"Bachelor’s degree, or equivalent","non-swiss, european",64,25,6,7,6,5,6,6,6,6,2,5,4,5,5,6,6,6,6,6,5,6,6,6,4,1,5,7,7,6,6,1,4,3,1,"A charity or non-government organisation (ex. Red Cross);A commercial or for-profit company (ex. Google)",4,4,4,4,4,4,4,5,"… having a more active role in the project.;… learning a skill.;… financial compensation (money or vouchers).",1,2,3,2,2,2,0,0,0,0,0,1,1,0,159,33,11,5.33333333333333,4.6,5.5,4.25,6,6,5.66666666666667,5.33333333333333,5.5,5.25,6.25,6,6.2,1,0,0,1,0,0,1,0,0,0,0,0,0,0,1,1,0
"2024/11/09 7:40:17 PM GMT+1",0,0,"Doctoral degree, or equivalent","non-swiss, european",43,25,6,6,4,7,7,4,5,5,5,6,2,5,3,7,6,5,4,5,5,5,2,3,1,1,6,7,7,3,4,3,4,1,1,"A university or educational institution (ex. University of Lausanne);A hospital or medical research centre (ex. CHUV)",1,1,1,1,1,1,1,1,"… learning about science or research.;… learning about myself.;… financial compensation (money or vouchers).",0,1,1,1,1,1,0,0,0,0,0,1,1,0,139,8,5,5,5,5.5,2.5,4.33333333333333,5.25,4.5,4,5.5,4,6,6,5.8,1,0,0,0,1,1,0,0,0,0,0,1,1,0,0,0,0
"2024/11/09 7:40:47 PM GMT+1",0,0,"Doctoral degree, or equivalent","non-swiss, european",56,25,7,7,5,7,7,6,6,6,6,5,1,6,6,6,6,5,6,4,7,6,5,6,4,1,6,6,7,6,5,5,4,3,1,"A university or educational institution (ex. University of Lausanne);A hospital or medical research centre (ex. CHUV)",1,1,1,1,1,2,2,1,"… financial compensation (money or vouchers).;… learning a skill.;… having a more active role in the project.;… acknowledgement in citations.",1,1,1,1,1,1,0,0,0,0,0,1,1,0,166,10,5,6.33333333333333,5.8,5.75,3.25,5.33333333333333,6.25,5.5,4.33333333333333,6,5,6.75,6.66666666666667,6.6,1,1,0,1,0,0,1,0,0,0,0,1,1,0,0,0,0
"2024/11/09 8:11:50 PM GMT+1",0,0,"Bachelor’s degree, or equivalent","non-swiss, european",25,17.5,7,7,5,3,7,3,6,7,4,7,6,7,4,7,7,5,7,6,6,6,3,6,1,1,7,7,7,6,5,5,4,3,1,"A university or educational institution (ex. University of Lausanne);A charity or non-government organisation (ex. Red Cross)",5,5,5,2,4,4,2,2,"… learning about myself.;… learning about science or research.;… learning a skill.",1,3,1,3,1,3,0,0,0,0,0,1,1,0,165,29,11,5.66666666666667,5.8,6.5,4,5.66666666666667,4.5,6,6.33333333333333,4,4.5,7,5.66666666666667,6.8,0,0,0,0,1,1,1,0,0,0,0,1,0,0,1,0,0
"2024/11/09 8:33:25 PM GMT+1",0,1,"Master’s degree, or equivalent","non-swiss, european",67,25,6,6,6,4,6,5,4,6,1,5,5,6,6,6,6,4,6,1,6,5,4,4,5,1,5,6,6,4,6,4,4,3,1,"A commercial or for-profit company (ex. Google)",4,2,2,4,4,4,4,4,"… financial compensation (money or vouchers).",0,2,1,1,1,1,0,0,0,0,0,1,1,0,145,28,6,6,4.8,4.75,3.75,5.33333333333333,5.25,5.33333333333333,5,5,4.5,6,5.33333333333333,5.6,1,0,0,0,0,0,0,0,0,0,0,0,0,0,0,1,0
"2024/11/09 9:22:24 PM GMT+1",0,1,"High school, or equivalent","non-swiss, european",69,25,5,5,2,3,6,5,4,5,4,5,6,5,4,6,7,5,4,5,2,5,4,5,3,1,2,6,5,3,5,3,4,3,0,"I have not contributed to a research project.",5,4,5,5,5,5,5,5,"… learning about science or research.;… learning a skill.",0,1,2,1,2,2,0,0,0,0,0,1,1,0,130,39,8,4,5,4.625,4,4.66666666666667,3.75,5.33333333333333,5,2.5,4.75,5.25,4.33333333333333,5,0,0,0,0,1,0,1,0,0,0,0,0,0,0,0,0,1
"2024/11/09 10:13:46 PM GMT+1",0,1,"High school, or equivalent","non-swiss, european",67,25,6,5,1,3,6,5,2,7,7,7,7,7,7,6,7,4,6,5,6,6,1,6,4,1,7,5,7,2,6,1,3,2,1,"A commercial or for-profit company (ex. Google)",4,4,4,4,4,4,3,4,"... none of the above.",0,1,1,1,1,1,0,0,0,0,0,1,1,0,150,31,5,6.33333333333333,7,5,3.75,5.33333333333333,3.5,6.16666666666667,5.33333333333333,2,5.25,6,5,5.2,0,0,0,0,0,0,0,0,0,0,1,0,0,0,0,1,0
"2024/11/10 1:24:50 AM GMT+1",0,0,"Bachelor’s degree, or equivalent","non-swiss, non-european",59,13,7,7,6,7,7,6,7,6,4,6,4,6,6,7,6,6,6,6,5,5,4,7,4,4,6,7,7,7,6,4,2,1,0,"I have not contributed to a research project.",4,4,4,4,5,5,5,5,"... none of the above.",0,2,2,2,2,2,0,0,0,0,0,1,0,1,176,36,10,6,5.6,6.25,4.25,6,6.5,6.16666666666667,5.66666666666667,6.5,6,6.75,6.66666666666667,6.8,0,0,0,0,0,0,0,0,0,0,1,0,0,0,0,0,1
"2024/11/10 9:31:23 AM GMT+1",0,1,"Bachelor’s degree, or equivalent","non-swiss, european",67,25,7,7,6,6,7,6,6,7,1,1,6,4,7,7,7,5,6,6,7,5,4,5,5,1,6,6,7,6,5,6,4,2,0,"I have not contributed to a research project.",2,1,1,1,1,1,1,1,"... none of the above.",1,3,2,1,1,3,0,0,0,0,0,1,1,0,165,9,10,7,4,6.375,4,5.33333333333333,6.25,6.33333333333333,6.33333333333333,6,5.75,7,6.66666666666667,6.8,0,0,0,0,0,0,0,0,0,0,1,0,0,0,0,0,1
"2024/11/10 9:58:04 AM GMT+1",0,1,"Doctoral degree, or equivalent","non-swiss, european",78,25,6,5,2,2,7,5,1,1,1,3,5,5,6,6,6,5,6,5,5,2,5,4,4,1,3,6,7,5,4,3,4,1,0,"I have not contributed to a research project.",3,3,3,3,3,3,3,3,"… co-authorship in publications.",0,1,1,1,1,1,0,0,0,0,0,1,1,0,126,24,5,5.66666666666667,4.2,5.125,3.25,5,3.5,4.66666666666667,2.33333333333333,2,4,4.75,2.66666666666667,4,0,0,1,0,0,0,0,0,0,0,0,0,0,0,0,0,1
"2024/11/10 11:52:59 AM GMT+1",0,1,"Bachelor’s degree, or equivalent","non-swiss, european",63,25,5,6,6,5,7,6,6,5,1,4,5,5,5,6,6,4,5,5,6,5,5,5,5,1,5,6,6,4,6,1,3,1,0,"I have not contributed to a research project.",5,5,5,5,5,5,5,5,"... none of the above.",0,1,3,1,3,2,0,0,0,0,0,1,1,0,147,40,10,5.66666666666667,4.2,4.875,4,5,5.75,5.5,5.33333333333333,5.5,5.25,5.75,5.33333333333333,5.8,0,0,0,0,0,0,0,0,0,0,1,0,0,0,0,0,1
"2024/11/10 12:34:25 PM GMT+1",0,1,"Master’s degree, or equivalent","non-swiss, european",28,25,6,6,6,3,7,6,1,6,6,7,7,7,7,7,7,4,5,6,6,5,4,6,1,1,6,5,6,5,2,5,5,4,1,"A university or educational institution (ex. University of Lausanne)",2,1,2,3,1,2,1,3,"... none of the above.",0,1,1,1,1,1,0,0,0,0,0,1,1,0,156,15,5,6.66666666666667,6.8,5.875,4.25,3.66666666666667,5.25,6.33333333333333,4.66666666666667,4.5,5.5,6.25,5,5.2,0,0,0,0,0,0,0,0,0,0,1,1,0,0,0,0,0
"2024/11/10 1:23:35 PM GMT+1",0,0,"Bachelor’s degree, or equivalent","non-swiss, european",65,25,5,7,6,1,6,5,5,7,1,6,6,6,6,7,6,5,1,6,6,6,4,5,4,1,6,5,7,5,4,2,2,2,0,"I have not contributed to a research project.",4,5,5,5,5,5,5,5,"... none of the above.",0,1,2,2,3,2,0,0,0,0,0,1,1,0,147,39,10,6.33333333333333,5,5.5,4.25,3.33333333333333,4.75,5.66666666666667,6,3.5,4.25,6.25,5,6,0,0,0,0,0,0,0,0,0,0,1,0,0,0,0,0,1
"2024/11/10 1:59:29 PM GMT+1",0,0,"Bachelor’s degree, or equivalent","non-swiss, european",47,17.5,6,6,6,5,5,5,5,5,1,1,4,5,5,6,6,5,6,5,3,5,4,5,1,1,6,6,6,5,4,1,2,2,1,"A university or educational institution (ex. University of Lausanne)",2,2,2,2,2,2,2,2,"... none of the above.",0,1,1,1,1,1,0,0,0,0,0,1,1,0,134,16,5,4.66666666666667,3.6,5.125,3.5,5,5.5,5,4.66666666666667,5.5,4.75,5.5,5.33333333333333,5.4,0,0,0,0,0,0,0,0,0,0,1,1,0,0,0,0,0
"2024/11/10 2:34:19 PM GMT+1",0,1,"Master’s degree, or equivalent","non-swiss, european",63,25,6,6,6,2,6,6,5,6,1,2,5,6,4,6,6,4,6,5,6,6,6,6,5,1,6,6,7,6,3,6,3,3,1,"A university or educational institution (ex. University of Lausanne)",3,3,2,3,4,3,3,3,"… learning about science or research.;… learning about myself.",1,2,3,3,3,3,0,0,0,0,0,1,1,0,152,24,14,5.33333333333333,3.8,6,4.5,4.33333333333333,5,5.83333333333333,5.33333333333333,4,4.75,6,4.66666666666667,5.8,0,0,0,0,1,1,0,0,0,0,0,1,0,0,0,0,0
"2024/11/10 2:39:42 PM GMT+1",0,0,"Bachelor’s degree, or equivalent","non-swiss, european",67,25,6,7,6,1,7,5,5,6,6,4,2,6,6,6,6,5,6,5,6,5,5,5,1,1,6,5,7,5,5,1,2,2,1,"A charity or non-government organisation (ex. Red Cross)",2,2,1,2,2,2,2,1,"... none of the above.",0,1,1,1,1,1,0,0,0,0,0,1,1,0,147,14,5,6,5.6,5.125,3.25,5.33333333333333,4.75,5.16666666666667,4.33333333333333,3.5,3.25,6.5,4.66666666666667,6.2,0,0,0,0,0,0,0,0,0,0,1,0,0,0,1,0,0
"2024/11/10 4:26:13 PM GMT+1",0,0,"Bachelor’s degree, or equivalent","non-swiss, non-european",59,25,2,2,2,2,2,2,2,2,2,2,2,2,2,2,2,2,2,2,2,2,2,2,2,2,2,2,2,2,2,2,5,4,1,"A university or educational institution (ex. University of Lausanne);A hospital or medical research centre (ex. CHUV);A government organisation (ex. Federal Statistical Office);A charity or non-government organisation (ex. Red Cross)",3,3,4,5,4,5,4,5,"… learning about myself.;… learning a skill.;… having a more active role in the project.;… learning about science or research.",1,3,2,2,2,2,0,0,0,0,0,1,0,1,60,33,11,2,2,2,2,2,2,2,2,2,2,2,2,2,0,0,0,1,1,1,1,0,0,0,0,1,1,1,1,0,0
"2024/11/10 4:38:17 PM GMT+1",0,0,"Bachelor’s degree, or equivalent","non-swiss, european",53,25,7,6,6,5,6,4,5,6,1,1,4,5,2,6,6,5,6,5,5,5,5,5,1,6,4,6,6,5,5,4,4,3,0,"I have not contributed to a research project.",2,2,2,2,2,2,2,1,"… learning a skill.;… financial compensation (money or vouchers).;… learning about myself.",1,1,1,1,2,1,0,0,0,0,0,1,1,0,143,15,6,4.33333333333333,3,5.25,5,5.33333333333333,5.25,5.33333333333333,5,5.5,4.5,6.25,5.66666666666667,6,1,0,0,0,0,1,1,0,0,0,0,0,0,0,0,0,1
"2024/11/10 5:34:16 PM GMT+1",0,0,"Bachelor’s degree, or equivalent","non-swiss, european",56,17.5,6,6,6,6,6,6,6,6,6,6,6,6,6,6,6,6,5,5,5,6,6,6,2,1,2,5,6,6,6,6,3,3,1,"A university or educational institution (ex. University of Lausanne)",2,2,1,1,2,1,1,1,"... none of the above.",0,1,1,2,2,1,0,0,0,0,0,1,1,0,163,11,7,5.66666666666667,6,5.25,4.75,5.66666666666667,6,6,6,6,6,6,6,6,0,0,0,0,0,0,0,0,0,0,1,1,0,0,0,0,0
"2024/11/10 8:10:25 PM GMT+1",0,1,"High school, or equivalent","non-swiss, european",69,25,5,6,4,2,7,6,2,3,6,3,4,5,6,7,7,6,5,5,3,6,5,5,4,1,1,1,6,1,5,4,4,3,0,"A university or educational institution (ex. University of Lausanne);A government organisation (ex. Federal Statistical Office)",3,4,3,3,2,2,1,2,"… financial compensation (money or vouchers).;… learning a skill.",1,2,3,1,3,3,0,0,0,0,0,1,1,0,131,20,12,5.33333333333333,5.4,4,4,5.33333333333333,4.5,5,3,3,4.25,5.25,3.66666666666667,4.6,1,0,0,0,0,0,1,0,0,0,0,1,0,1,0,0,0
"2024/11/10 8:25:27 PM GMT+1",0,1,"High school, or equivalent","non-swiss, european",79,25,5,5,4,4,6,4,4,6,1,5,3,5,5,6,6,4,5,5,5,5,5,6,4,1,4,4,5,4,4,5,3,4,1,"A hospital or medical research centre (ex. CHUV)",3,4,4,4,4,4,4,4,"… learning about science or research.;… learning about myself.;… learning a skill.",1,2,3,2,2,2,0,0,0,0,0,1,1,0,135,31,11,5.33333333333333,4.4,4.875,3.5,4.33333333333333,4.25,5,4.33333333333333,4,4.25,5.5,5,5.2,0,0,0,0,1,1,1,0,0,0,0,0,1,0,0,0,0
"2024/11/10 9:04:39 PM GMT+1",0,1,"Master’s degree, or equivalent","vaud",28,17.5,6,7,5,6,7,6,5,6,5,6,1,6,6,7,7,4,5,6,5,6,5,6,1,2,6,7,7,6,2,6,5,4,1,"A university or educational institution (ex. University of Lausanne);A hospital or medical research centre (ex. CHUV)",4,4,3,3,3,2,1,2,"… learning a skill.;… learning about myself.",0,2,3,1,3,2,0,0,1,0,1,0,1,0,160,22,11,6,6,6.5,3.5,3.66666666666667,6,5.33333333333333,4,5.5,4.75,6.5,6.33333333333333,6.2,0,0,0,0,0,1,1,0,0,0,0,1,1,0,0,0,0
"2024/11/11 9:27:09 AM GMT+1",0,0,"Bachelor’s degree, or equivalent","non-swiss, non-european",48,25,6,6,5,6,7,6,5,6,3,5,5,6,5,6,6,5,6,6,6,6,6,6,3,3,5,6,6,6,5,5,4,4,0,"I have not contributed to a research project.",2,2,2,2,2,2,1,2,"… learning about myself.;… having a more active role in the project.",1,1,1,1,1,3,0,0,0,0,0,1,0,1,163,15,7,5.66666666666667,5,5.75,5,5.33333333333333,5.75,6,5.33333333333333,5.5,5.75,6.25,6,6,0,0,0,1,0,1,0,0,0,0,0,0,0,0,0,0,1
"2024/11/11 9:43:18 AM GMT+1",0,1,"BTEC ","non-swiss, european",57,17.5,6,6,6,5,6,6,5,6,5,6,5,6,5,6,6,5,6,5,5,6,5,6,6,4,6,6,7,6,6,4,3,3,1,"A charity or non-government organisation (ex. Red Cross);A commercial or for-profit company (ex. Google)",5,5,5,5,5,5,5,5,"… learning a skill.;… co-authorship in publications.;… financial compensation (money or vouchers).;… learning about science or research.",1,3,2,2,2,3,0,0,0,0,0,1,1,0,168,40,12,5.33333333333333,5.6,5.75,5,5.66666666666667,5.75,5.83333333333333,5.33333333333333,5.5,5.5,6,5.66666666666667,5.8,1,0,1,0,1,0,1,0,0,0,0,0,0,0,1,1,0
"2024/11/11 10:11:38 PM GMT+1",0,1,"Doctoral degree, or equivalent","non-swiss, european",31,25,5,7,5,4,7,5,1,6,4,6,6,6,6,6,6,3,4,5,5,5,3,5,1,1,6,7,7,3,5,5,4,2,0,"A university or educational institution (ex. University of Lausanne)",2,4,3,3,2,3,2,3,"… acknowledgement in citations.;… learning a skill.;… competitive aspects (gamification).;… learning about science or research.;… financial compensation (money or vouchers).",1,3,3,1,1,2,0,0,0,0,0,1,1,0,145,22,10,5.66666666666667,5.6,5.625,3.75,4,5.25,5.66666666666667,4.33333333333333,4.5,5,6.25,5.66666666666667,5.2,1,1,0,0,1,0,1,0,0,1,0,1,0,0,0,0,0
"2024/11/11 11:06:06 PM GMT+1",0,0,"Master’s degree, or equivalent","non-swiss, european",57,25,7,7,6,6,6,7,2,6,5,3,5,6,5,7,7,5,6,6,5,5,6,3,3,1,6,6,6,5,6,3,4,4,1,"A university or educational institution (ex. University of Lausanne);A hospital or medical research centre (ex. CHUV);A charity or non-government organisation (ex. Red Cross)",4,4,3,4,5,4,4,2,"… having a more active role in the project.;… co-authorship in publications.",1,1,1,1,3,3,0,0,0,0,0,1,1,0,157,30,9,5.66666666666667,5.2,5.75,4.25,5.66666666666667,6.5,5.66666666666667,4.33333333333333,6,5.25,6.5,6.33333333333333,5.6,0,0,1,1,0,0,0,0,0,0,0,1,1,0,1,0,0
"2024/11/11 11:07:45 PM GMT+1",0,1,"Master’s degree, or equivalent","non-swiss, european",54,25,6,6,5,6,5,5,6,6,2,6,1,6,5,6,6,5,6,5,4,5,4,5,1,2,5,6,7,4,6,4,4,4,1,"A university or educational institution (ex. University of Lausanne)",2,1,2,2,2,2,1,2,"... none of the above.",1,1,1,1,3,2,0,0,0,0,0,1,1,0,146,14,8,5,5,5.375,3,5.66666666666667,5.5,4.66666666666667,4.33333333333333,5.5,4.25,5.75,6,5.8,0,0,0,0,0,0,0,0,0,0,1,1,0,0,0,0,0
"2024/11/12 5:22:46 AM GMT+1",0,1,"Master’s degree, or equivalent","non-swiss, non-european",60,17.5,3,2,3,2,6,5,4,6,1,2,2,2,6,6,6,2,5,4,6,5,2,6,2,4,5,6,4,2,3,4,4,3,0,"I have not contributed to a research project.",4,4,4,5,5,5,3,5,"… having a more active role in the project.;… learning about science or research.;… learning a skill.",1,3,3,2,2,2,0,0,0,0,0,1,0,1,116,35,12,6,3.4,4.625,3.25,3.33333333333333,3,4.66666666666667,4,2.5,3.75,4.25,3.33333333333333,4.2,0,0,0,1,1,0,1,0,0,0,0,0,0,0,0,0,1
"2024/11/12 7:07:58 AM GMT+1",0,1,"Master’s degree, or equivalent","non-swiss, european",49,25,6,6,6,6,6,6,5,5,6,5,4,6,6,6,6,5,5,5,6,5,4,5,5,1,5,6,6,6,4,5,4,2,1,"A university or educational institution (ex. University of Lausanne)",3,3,3,3,3,3,3,3,"… financial compensation (money or vouchers).;… co-authorship in publications.;… having a more active role in the project.",1,3,2,2,3,3,0,0,0,0,0,1,1,0,158,24,13,6,5.8,5.625,3.5,4.66666666666667,6,5.33333333333333,4.66666666666667,6,5.25,5.75,5.66666666666667,5.6,1,0,1,1,0,0,0,0,0,0,0,1,0,0,0,0,0
"2024/11/12 8:18:38 AM GMT+1",0,1,"Bachelor’s degree, or equivalent","non-swiss, non-european",55,25,6,6,6,5,6,6,4,6,5,6,6,6,6,6,6,6,6,6,6,6,5,6,4,6,6,6,6,6,6,6,4,3,1,"A university or educational institution (ex. University of Lausanne);A charity or non-government organisation (ex. Red Cross);A commercial or for-profit company (ex. Google)",4,4,3,5,5,3,3,4,"… learning a skill.",1,3,2,3,2,3,0,0,0,0,0,1,0,1,173,31,13,6,5.8,6,5.75,6,5.75,6,5.33333333333333,5.5,5.75,6,5.66666666666667,5.6,0,0,0,0,0,0,1,0,0,0,0,1,0,0,1,1,0
"2024/11/12 10:55:29 AM GMT+1",0,0,"Master’s degree, or equivalent","non-swiss, non-european",42,25,7,7,7,7,7,7,7,7,7,6,6,7,7,7,7,6,6,6,7,7,6,7,6,4,6,7,7,6,6,4,5,4,1,"I have not contributed to a research project.",3,3,4,4,3,4,5,5,"… financial compensation (money or vouchers).;… learning about myself.;… learning a skill.;… competitive aspects (gamification).;… acknowledgement in citations.",1,2,2,1,3,3,0,0,0,0,0,1,0,1,194,31,11,7,6.8,6.25,5.75,6,7,6.83333333333333,6.66666666666667,7,6.75,7,7,7,1,1,0,0,0,1,1,0,0,1,0,0,0,0,0,0,1
"2024/11/12 12:16:55 PM GMT+1",0,1,"Bachelor’s degree, or equivalent","non-swiss, european",27,17.5,6,6,4,6,6,6,3,6,5,6,3,6,6,5,6,4,5,5,5,4,3,3,3,3,6,6,3,5,5,3,4,3,0,"I have not contributed to a research project.",4,4,4,4,4,4,4,4,"… learning about science or research.;… having a more active role in the project.;… co-authorship in publications.;… networking opportunities.;… acknowledgement in citations.",1,2,2,2,3,3,0,0,0,0,0,1,1,0,143,32,12,5.33333333333333,5.8,4.875,3.25,4.66666666666667,5.5,5,4,5,4.5,6,6,5.4,0,1,1,1,1,0,0,1,0,0,0,0,0,0,0,0,1
"2024/11/12 2:04:29 PM GMT+1",0,1,"Master’s degree, or equivalent","non-swiss, european",51,25,6,6,6,5,6,6,5,6,4,4,4,6,5,6,6,6,6,6,6,6,6,6,3,5,6,6,6,6,6,6,5,5,1,"A university or educational institution (ex. University of Lausanne);A charity or non-government organisation (ex. Red Cross)",4,4,4,4,4,4,4,3,"… learning about myself.;… learning a skill.",1,2,2,2,2,2,0,0,0,0,0,1,1,0,167,31,10,5.66666666666667,5,6,5.25,6,5.75,5.66666666666667,5,5.5,5.25,6,5.66666666666667,5.8,0,0,0,0,0,1,1,0,0,0,0,1,0,0,1,0,0
"2024/11/12 2:24:58 PM GMT+1",0,0,"Master’s degree, or equivalent","non-swiss, european",63,17.5,6,6,2,5,6,6,6,6,1,3,2,4,6,6,4,4,6,5,6,4,6,5,4,1,5,6,6,1,2,5,4,2,1,"A university or educational institution (ex. University of Lausanne)",3,3,2,2,3,4,3,3,"… learning a skill.;… learning about science or research.;… learning about myself.",0,1,3,1,1,1,0,0,0,0,0,1,1,0,135,23,7,6,3.6,4.75,3.25,4,4.75,5.16666666666667,4.66666666666667,3.5,4.5,6,5.66666666666667,6,0,0,0,0,1,1,1,0,0,0,0,1,0,0,0,0,0
"2024/11/13 1:14:10 AM GMT+1",0,0,"Bachelor’s degree, or equivalent","non-swiss, non-european",28,17.5,7,7,7,5,5,7,6,7,6,6,5,7,6,6,6,6,6,6,6,6,6,6,3,3,6,6,6,5,5,5,5,5,1,"A university or educational institution (ex. University of Lausanne)",3,4,4,3,3,5,2,2,"… learning about myself.;… having a more active role in the project.;… networking opportunities.;… financial compensation (money or vouchers).",1,2,2,2,2,3,0,0,0,0,0,1,0,1,174,26,11,6,6.2,5.75,5,5.66666666666667,6.5,6.16666666666667,6,6,5.75,6.5,6.33333333333333,6.4,1,0,0,1,0,1,0,1,0,0,0,1,0,0,0,0,0
"2024/11/13 10:46:34 AM GMT+1",0,0,"Bachelor’s degree, or equivalent","non-swiss, european",35,17.5,3,6,5,5,5,5,2,6,6,6,5,6,6,7,7,5,5,5,3,6,4,6,1,2,6,5,7,5,4,4,4,2,0,"N/A",2,2,3,2,2,3,3,3,"… financial compensation (money or vouchers).;… learning about science or research.;… having a more active role in the project.;… networking opportunities.;… learning about myself.",1,2,2,1,1,2,0,0,0,0,0,1,1,0,148,20,8,5.33333333333333,6.2,5.75,4.25,4.66666666666667,5.25,5,4.33333333333333,5,5.25,5,5.66666666666667,4.4,1,0,0,1,1,1,0,1,0,0,0,0,0,0,0,0,0
"2024/11/13 1:15:00 PM GMT+1",0,1,"Bachelor’s degree, or equivalent","non-swiss, european",34,25,7,7,7,6,7,5,5,6,5,7,1,6,7,7,7,5,7,5,6,1,1,7,4,1,1,1,1,1,7,5,5,5,0,"I have not contributed to a research project.",5,3,5,5,5,5,5,4,"… financial compensation (money or vouchers).;… learning a skill.;… learning about science or research.",0,1,1,1,2,2,0,0,0,0,0,1,1,0,143,37,7,6.66666666666667,6.4,3.5,1,6.33333333333333,6.25,5.5,4,6.5,4.75,6.75,6.33333333333333,6.4,1,0,0,0,1,0,1,0,0,0,0,0,0,0,0,0,1
"2024/11/13 1:42:47 PM GMT+1",0,0,"Bachelor’s degree, or equivalent","non-swiss, non-european",31,25,7,7,6,5,5,6,6,7,6,6,6,6,6,6,6,4,5,5,6,6,5,6,1,5,6,6,7,6,5,1,5,4,0,"I have not contributed to a research project.",3,3,4,3,3,3,3,3,"... none of the above.",0,1,3,2,3,3,0,0,0,0,0,1,0,1,165,25,12,6,6,5.375,5.5,4.66666666666667,6,6.16666666666667,6.33333333333333,5.5,5.75,6.5,6.33333333333333,6.4,0,0,0,0,0,0,0,0,0,0,1,0,0,0,0,0,1
"2024/11/13 1:51:07 PM GMT+1",0,0,"Doctoral degree, or equivalent","non-swiss, european",35,25,4,7,5,5,6,6,6,6,6,4,1,4,5,6,6,5,6,6,6,5,4,5,1,1,4,7,6,6,4,2,4,3,1,"A university or educational institution (ex. University of Lausanne);A charity or non-government organisation (ex. Red Cross);A commercial or for-profit company (ex. Google)",2,3,4,4,3,3,1,2,"… co-authorship in publications.;… learning about science or research.;… having a more active role in the project.",1,3,1,1,3,3,0,0,0,0,0,1,1,0,145,22,11,5.66666666666667,5,5.375,2.75,5,5.75,4.66666666666667,4.33333333333333,5,4.25,5.75,6,5.8,0,0,1,1,1,0,0,0,0,0,0,1,0,0,1,1,0
"2024/11/13 1:55:00 PM GMT+1",0,1,"some university, diploma equivalent to 2 years of bachelor's degree","non-swiss, european",38,25,5,7,5,7,6,6,6,7,6,6,6,6,6,7,7,6,6,6,6,6,6,6,6,4,6,6,6,6,6,5,5,4,1,"A university or educational institution (ex. University of Lausanne)",3,4,3,3,4,3,3,4,"... none of the above.",0,3,3,1,3,1,0,0,0,0,0,1,1,0,180,27,11,6.33333333333333,6.2,6.125,5.5,6,6.25,6,6.33333333333333,6,6.25,6.25,7,6.2,0,0,0,0,0,0,0,0,0,0,1,1,0,0,0,0,0
"2024/11/13 2:04:19 PM GMT+1",0,1,"Bachelor’s degree, or equivalent","non-swiss, european",38,25,7,7,1,6,7,7,7,7,6,6,5,6,6,7,7,6,5,6,6,6,7,7,1,1,6,7,7,5,5,5,5,4,0,"I have not contributed to a research project.",5,3,5,5,5,5,5,5,"… co-authorship in publications.;… financial compensation (money or vouchers).;… having a more active role in the project.;… learning about myself.",0,3,3,2,3,3,0,0,0,0,0,1,1,0,172,38,14,6.33333333333333,6.2,6.25,4.75,5.33333333333333,5.25,6.66666666666667,6.33333333333333,3.5,6.25,7,6.66666666666667,7,1,0,1,1,0,1,0,0,0,0,0,0,0,0,0,0,1
"2024/11/13 3:08:21 PM GMT+1",0,0,"FdA","non-swiss, european",34,25,7,7,7,4,6,5,4,4,7,7,6,7,6,7,7,5,6,7,5,6,4,6,5,3,7,6,7,6,6,1,5,4,1,"A university or educational institution (ex. University of Lausanne);A charity or non-government organisation (ex. Red Cross);A commercial or for-profit company (ex. Google)",4,2,4,4,4,4,4,4,"… learning about science or research.;… learning a skill.;… learning about myself.;… financial compensation (money or vouchers).;… acknowledgement in citations.;… co-authorship in publications.",1,2,2,2,2,2,0,0,0,0,0,1,1,0,171,30,10,6,6.8,6,4.75,5.66666666666667,5.75,5.66666666666667,4.66666666666667,5.5,5.25,6,5,5.6,1,1,1,0,1,1,1,0,0,0,0,1,0,0,1,1,0
"2024/11/13 3:08:34 PM GMT+1",0,1,"Bachelor’s degree, or equivalent","non-swiss, european",36,25,6,6,4,4,6,6,6,5,6,6,3,6,5,6,5,4,6,5,5,5,5,5,1,5,6,7,7,5,4,2,4,4,0,"I have not contributed to a research project.",3,2,3,2,3,2,2,2,"... none of the above.",0,3,1,1,1,3,0,0,0,0,0,1,1,0,152,19,9,5.33333333333333,5.6,5.375,4.5,4.66666666666667,5,5.16666666666667,4.66666666666667,4,4.5,5.75,5,5.8,0,0,0,0,0,0,0,0,0,0,1,0,0,0,0,0,1
"2024/11/13 3:31:30 PM GMT+1",0,1,"Bachelor’s degree, or equivalent","non-swiss, european",34,25,7,7,6,6,5,6,7,6,6,5,5,7,6,7,6,5,5,6,6,6,5,6,1,5,6,7,7,6,6,5,5,4,1,"A university or educational institution (ex. University of Lausanne);A commercial or for-profit company (ex. Google)",2,3,2,3,2,2,1,1,"… learning a skill.;… learning about myself.;… learning about science or research.",0,1,1,1,1,1,0,0,0,0,0,1,1,0,174,16,5,6.33333333333333,6,6.25,5.25,5.33333333333333,6.25,5.83333333333333,6,6,5.75,6.25,6.33333333333333,6.4,0,0,0,0,1,1,1,0,0,0,0,1,0,0,0,1,0
"2024/11/13 7:48:54 PM GMT+1",0,0,"Bachelor’s degree, or equivalent","non-swiss, european",52,25,5,4,4,2,5,5,3,6,6,6,1,4,4,5,5,2,5,4,6,4,4,4,3,1,3,5,6,5,4,5,4,2,0,"I have not contributed to a research project.",2,2,2,2,2,2,2,2,"... none of the above.",0,1,3,2,3,1,0,0,0,0,0,1,1,0,126,16,10,5,5,4.75,2.5,3.66666666666667,3.75,4.33333333333333,3.33333333333333,3,3,5,4,4.6,0,0,0,0,0,0,0,0,0,0,1,0,0,0,0,0,1
"2024/11/13 8:47:45 PM GMT+1",1,0,"Master’s degree, or equivalent","non-swiss, european",32,25,6,6,6,4,6,6,2,6,5,5,3,6,5,6,6,5,5,6,6,7,6,6,1,2,6,6,7,5,5,5,5,3,0,"I have not contributed to a research project.",4,4,3,5,4,5,2,3,"… learning a skill.;… financial compensation (money or vouchers).;… learning about myself.;… learning about science or research.",1,1,3,2,3,2,0,0,0,0,0,1,1,0,156,30,11,5.66666666666667,5.4,5.875,4.5,5,5.5,5.5,3.66666666666667,5,4.75,6,5.33333333333333,5.2,1,0,0,0,1,1,1,0,0,0,0,0,0,0,0,0,1
"2024/11/14 3:45:58 PM GMT+1",0,1,"High school, or equivalent","non-swiss, european",25,13,5,6,3,5,5,5,4,5,5,6,5,6,6,7,6,4,5,5,6,6,5,5,1,1,5,4,7,4,5,1,3,3,0,"I have not contributed to a research project.;",3,3,3,3,4,3,3,4,"… learning about myself.;… learning a skill.;… learning about science or research.",1,2,2,1,1,2,0,0,0,0,0,1,1,0,143,26,8,6.33333333333333,5.8,4.875,4.25,4.66666666666667,4.75,5,4.66666666666667,4,5,5.25,5.33333333333333,5,0,0,0,0,1,1,1,0,0,0,0,0,0,0,0,0,1
"2024/11/14 4:50:16 PM GMT+1",0,1,"Bachelor’s degree, or equivalent","non-swiss, european",22,17.5,5,7,4,4,6,6,7,7,6,6,6,6,6,6,7,4,5,5,6,6,5,6,4,5,6,6,7,5,6,6,4,3,1,"A university or educational institution (ex. University of Lausanne);A commercial or for-profit company (ex. Google)",2,1,2,3,2,1,1,2,"... none of the above.",0,2,3,1,3,3,0,0,0,0,0,1,1,0,171,14,12,6,6.2,6,5.5,5,5.25,6,6.66666666666667,4,5.5,6.25,6,6.4,0,0,0,0,0,0,0,0,0,0,1,1,0,0,0,1,0
"2024/11/14 5:07:14 PM GMT+1",0,1,"Bachelor’s degree, or equivalent","non-swiss, european",25,17.5,6,6,3,3,5,6,7,7,6,6,6,6,4,5,6,4,3,6,4,6,5,6,1,5,6,6,7,4,5,1,3,3,0,"I have not contributed to a research project.",5,5,5,5,5,5,5,5,"... none of the above.",0,1,1,1,1,1,0,0,0,0,0,1,1,0,151,40,5,4.33333333333333,5.6,5.125,5.5,4,4.5,6,6.66666666666667,3,5.25,6,5.33333333333333,6.2,0,0,0,0,0,0,0,0,0,0,1,0,0,0,0,0,1
"2024/11/14 8:06:06 PM GMT+1",0,0,"High school, or equivalent","non-swiss, non-european",32,17.5,6,6,6,4,6,6,3,7,2,6,5,6,5,6,6,5,6,6,4,6,5,6,5,5,5,6,7,6,5,4,3,3,1,"A university or educational institution (ex. University of Lausanne)",3,4,4,4,4,3,3,4,"… learning about science or research.;… learning about myself.;… learning a skill.",1,2,2,1,1,1,0,0,0,0,0,1,0,1,161,29,7,5,5,5.75,5.25,5.33333333333333,5.5,6,5,5,5.25,6.25,5.66666666666667,5.6,0,0,0,0,1,1,1,0,0,0,0,1,0,0,0,0,0
"2024/11/15 4:48:50 PM GMT+1",0,1,"Bachelor’s degree, or equivalent","non-swiss, european",32,25,5,5,6,4,4,6,4,6,3,4,4,6,4,5,5,4,4,6,6,5,3,4,2,2,6,6,7,5,5,3,5,2,0,"N/a",2,2,2,2,2,2,2,2,"… financial compensation (money or vouchers).",0,1,1,1,1,1,0,0,0,0,0,1,1,0,139,16,5,5,4.4,5.375,3.5,4.33333333333333,5.25,4.83333333333333,4.66666666666667,5,4.5,5,5,4.8,1,0,0,0,0,0,0,0,0,0,0,0,0,0,0,0,0
"2024/11/15 5:10:51 PM GMT+1",0,1,"High school, or equivalent","non-swiss, european",21,17.5,6,6,5,5,4,5,4,6,6,6,6,6,6,6,6,4,1,5,6,4,3,5,1,1,6,6,7,4,5,4,5,4,1,"A university or educational institution (ex. University of Lausanne);A government organisation (ex. Federal Statistical Office);A charity or non-government organisation (ex. Red Cross);A commercial or for-profit company (ex. Google)",2,2,3,3,3,4,3,2,"… learning a skill.;… learning about science or research.",1,3,2,1,2,2,0,0,0,0,0,1,1,0,145,22,10,6,6,5.5,3.5,3.33333333333333,5.25,5.33333333333333,5.33333333333333,5,5.25,5.5,5.66666666666667,5.2,0,0,0,0,1,0,1,0,0,0,0,1,0,1,1,1,0
"2024/11/15 5:44:58 PM GMT+1",0,0,"High school, or equivalent","non-swiss, non-european",20,8,7,6,7,6,5,4,5,7,4,6,4,6,5,6,7,5,6,5,6,7,4,7,4,5,6,6,7,5,5,4,4,2,0,"I have not contributed to a research project.",3,3,4,4,5,4,2,3,"… financial compensation (money or vouchers).;… co-authorship in publications.;… having a more active role in the project.",1,1,2,1,1,1,0,0,0,0,0,1,0,1,167,28,6,5.66666666666667,5.6,5.75,5,5.33333333333333,5.75,5.66666666666667,5.33333333333333,6.5,5.25,6.25,6.33333333333333,6,1,0,1,1,0,0,0,0,0,0,0,0,0,0,0,0,1
"2024/11/15 9:51:14 PM GMT+1",0,1,"Bachelor’s degree, or equivalent","non-swiss, european",38,25,6,6,3,5,4,4,5,6,4,4,5,6,6,6,6,3,5,6,4,6,5,5,2,3,5,5,6,6,4,5,5,4,1,"A government organisation (ex. Federal Statistical Office);A commercial or for-profit company (ex. Google)",3,3,5,3,3,3,3,3,"… having a more active role in the project.;… learning about myself.;… financial compensation (money or vouchers).;… co-authorship in publications.;… learning a skill.",0,3,3,2,3,3,0,0,0,0,0,1,1,0,146,26,14,5.33333333333333,5.2,5.625,4.75,4,4.5,5,5.33333333333333,4,4.75,5.5,5.66666666666667,5.4,1,0,1,1,0,1,1,0,0,0,0,0,0,1,0,1,0
"2024/11/16 6:54:43 PM GMT+1",0,0,"Master’s degree, or equivalent","non-swiss, european",25,17.5,4,4,4,4,4,4,4,4,4,4,3,4,4,4,4,4,4,4,4,4,4,4,4,4,4,4,2,4,4,1,4,4,1,"A university or educational institution (ex. University of Lausanne)",3,3,3,3,3,3,3,3,"… learning a skill.;… acknowledgement in citations.;… learning about science or research.;… co-authorship in publications.;… financial compensation (money or vouchers).;… having a more active role in the project.",1,3,3,2,2,2,0,0,0,0,0,1,1,0,114,24,12,4,4,3.375,3.75,4,4,3.83333333333333,3.66666666666667,4,3.75,4,4,4,1,1,1,1,1,0,1,0,0,0,0,1,0,0,0,0,0
"2024/11/17 8:14:14 PM GMT+1",0,1,"Bachelor’s degree, or equivalent","non-swiss, european",73,25,1,1,1,1,6,5,6,1,1,4,1,1,5,6,6,4,1,1,4,1,1,3,1,1,1,1,6,4,1,3,3,3,0,"I have not contributed to a research project.",4,4,4,5,5,5,4,4,"... none of the above.",0,1,1,1,1,3,0,0,0,0,0,1,1,0,79,35,7,5,3.4,3.5,1,2,2,2.83333333333333,2.66666666666667,1,2.5,2.25,1,3,0,0,0,0,0,0,0,0,0,0,1,0,0,0,0,0,1
"2024/11/24 12:24:45 PM GMT+1",0,0,"Master’s degree, or equivalent","non-swiss, non-european",26,13,7,7,7,5,6,6,6,7,5,6,7,7,7,7,7,5,6,6,7,7,4,7,1,5,6,5,7,7,4,6,5,2,1,"At my university",5,4,5,5,5,4,3,5,"… learning about science or research.",0,2,2,2,2,2,0,0,0,0,0,1,0,1,180,36,10,7,6.4,6.375,5.75,5,6.25,6.66666666666667,6.66666666666667,6,6.25,6.75,6.33333333333333,6.6,0,0,0,0,1,0,0,0,0,0,0,0,0,0,0,0,0
"2024/11/24 9:30:07 PM GMT+1",0,1,"Bachelor’s degree, or equivalent","non-swiss, european",27,13,5,6,5,6,6,3,5,6,5,6,6,6,5,6,6,3,5,6,6,6,5,5,3,2,6,5,7,2,5,4,5,3,1,"A university or educational institution (ex. University of Lausanne);A hospital or medical research centre (ex. CHUV);A charity or non-government organisation (ex. Red Cross)",3,3,3,4,3,3,2,3,"… learning about science or research.;… having a more active role in the project.;… acknowledgement in citations.;… networking opportunities.;… competitive aspects (gamification).;… co-authorship in publications.;… learning a skill.;… learning about myself.;… financial compensation (money or vouchers).",0,3,1,1,1,3,0,0,0,0,0,1,1,0,152,24,9,5.66666666666667,5.6,5.25,4.75,4.33333333333333,5,5.16666666666667,5.66666666666667,5.5,5,5.75,6,5.6,1,1,1,1,1,1,1,1,0,1,0,1,1,0,1,0,0
"2024/11/27 6:24:34 AM GMT+1",1,0,"Doctoral degree, or equivalent","non-swiss, non-european",62,25,7,7,5,6,7,7,5,6,2,6,5,4,7,7,7,6,6,6,7,6,4,6,4,1,6,7,7,7,5,7,4,2,1,"A university or educational institution (ex. University of Lausanne);A hospital or medical research centre (ex. CHUV);A government organisation (ex. Federal Statistical Office);A charity or non-government organisation (ex. Red Cross);A commercial or for-profit company (ex. Google)",4,4,5,5,5,3,3,3,"… learning about myself.;… learning about science or research.;… learning a skill.",1,3,1,1,1,1,0,0,0,0,0,1,0,1,173,32,7,7,5.2,6.75,4,5.66666666666667,6.25,6.33333333333333,5.33333333333333,5.5,6,6.75,6.33333333333333,6.4,0,0,0,0,1,1,1,0,0,0,0,1,1,1,1,1,0
"2024/12/04 11:31:23 AM GMT+1",0,1,"Master’s degree, or equivalent","non-swiss, european",27,25,4,7,4,5,6,6,5,6,4,6,6,5,6,7,7,4,5,5,6,5,4,6,2,1,4,6,7,6,6,7,5,4,1,"A charity or non-government organisation (ex. Red Cross)",1,2,1,1,1,3,3,2,"… learning about myself.;… learning about science or research.",1,3,3,3,3,3,0,0,0,0,0,1,1,0,158,14,15,6.33333333333333,5.6,6.125,4,5,5.5,5.66666666666667,5.66666666666667,4.5,5.75,5.75,6,5.6,0,0,0,0,1,1,0,0,0,0,0,0,0,0,1,0,0
"2024/11/07 12:31:02 PM GMT+1",1,0,"Master’s degree, or equivalent","non-swiss, european",45,25,6,7,7,5,6,6,4,6,4,6,2,6,6,7,7,5,6,5,6,6,3,6,1,3,6,6,5,5,5,7,5,5,0,"I have not contributed to a research project.",2,2,2,2,2,2,2,2,"… having a more active role in the project.;… learning about myself.;… co-authorship in publications.;… learning a skill.",1,3,3,1,2,3,0,0,0,0,0,1,1,0,160,16,12,6.33333333333333,5.8,6,3.5,5.33333333333333,6.25,5.33333333333333,4,6,4.75,6.25,6,5.8,0,0,1,1,0,1,1,0,0,0,0,0,0,0,0,0,1
"2024/11/11 11:16:26 AM GMT+1",1,1,"Doctoral degree, or equivalent","non-swiss, european",52,25,7,6,4,5,7,6,6,7,3,5,3,6,6,6,6,5,5,5,3,6,5,6,2,3,6,6,7,6,3,6,5,5,1,"A university or educational institution (ex. University of Lausanne);A charity or non-government organisation (ex. Red Cross)",2,4,3,2,2,3,2,3,"... none of the above.",0,3,3,3,3,3,0,0,0,0,0,1,1,0,157,21,15,5,5.2,6,4.25,4.33333333333333,5.25,6,5.33333333333333,4.5,5,6.75,6,6.6,0,0,0,0,0,0,0,0,0,0,1,1,0,0,1,0,0
"2024/11/14 8:55:11 PM GMT+1",1,0,"Bachelor’s degree, or equivalent","non-swiss, non-european",28,17.5,7,7,6,5,5,6,5,6,5,6,6,6,6,7,7,5,6,6,6,6,4,5,1,1,6,5,7,5,4,7,4,3,1,"A university or educational institution (ex. University of Lausanne)",3,3,4,3,3,3,2,3,"… learning about science or research.;… learning about myself.;... the possibility to share with friends and family.;…networking opportunities.;… financial compensation (money or vouchers).",1,3,3,2,3,2,0,0,0,0,0,1,0,1,164,24,13,6.33333333333333,6,6.25,4.25,5,6,5.83333333333333,5.66666666666667,5.5,5.5,6.25,6,6,1,0,0,0,1,1,0,1,1,0,0,1,0,0,0,0,0
"2024/11/14 9:02:33 PM GMT+1",0,1,"Doctoral degree, or equivalent","non-swiss, non-european",29,13,7,7,5,5,5,6,5,6,5,6,6,6,4,6,5,4,5,5,4,5,4,6,2,4,6,5,7,3,3,6,4,4,1,"A university or educational institution (ex. University of Lausanne)",2,3,2,2,2,4,3,2,"… financial compensation (money or vouchers).;… learning a skill.;… learning about science or research.",1,2,2,1,1,1,0,0,0,0,0,1,0,1,153,20,7,4.66666666666667,5.2,5.375,4.75,4,5.75,6,5.66666666666667,5,5.75,6.25,6,6,1,0,0,0,1,0,1,0,0,0,0,1,0,0,0,0,0
"2024/11/29 8:07:56 PM GMT+1",1,0,"Master’s degree, or equivalent","non-swiss, non-european",45,25,6,7,6,5,6,7,5,6,3,5,1,5,5,7,6,4,5,5,6,6,5,6,5,5,6,7,7,6,5,6,5,3,1,"A government organisation (ex. Federal Statistical Office)",5,3,5,5,5,5,4,3,"… learning a skill.;… having a more active role in the project.",0,3,3,1,1,1,0,0,0,0,0,1,0,1,164,35,9,6,4.8,6.25,4.25,4.66666666666667,6.25,5.33333333333333,4,5.5,4.75,6.25,6,6,0,0,0,1,0,0,1,0,0,0,0,0,0,1,0,0,0
"2024/12/03 6:41:51 AM GMT+1",0,0,"Master’s degree, or equivalent","non-swiss, european",33,25,6,7,6,5,6,6,1,1,1,4,2,6,6,6,6,5,4,4,6,5,2,5,2,1,6,1,6,3,5,4,5,5,1,"A university or educational institution (ex. University of Lausanne);A hospital or medical research centre (ex. CHUV);A government organisation (ex. Federal Statistical Office)",5,5,5,5,5,5,5,4,"… having a more active role in the project.;… learning about science or research.;… learning a skill.;... networking opportunities.",0,2,3,3,3,2,0,0,0,0,0,1,1,0,128,39,13,6,4.6,4.5,2.5,4.66666666666667,6,4.33333333333333,1.33333333333333,5.5,4.5,5,4.33333333333333,4.2,0,0,0,1,1,0,1,1,0,0,0,1,1,1,0,0,0
"2024/12/03 7:46:20 AM GMT+1",1,0,"Master’s degree, or equivalent","non-swiss, european",29,13,5,7,4,4,7,4,1,7,6,4,5,5,6,6,4,3,4,6,7,4,1,4,1,3,4,7,7,5,6,6,4,2,1,"A university or educational institution (ex. University of Lausanne);A government organisation (ex. Federal Statistical Office);A charity or non-government organisation (ex. Red Cross)",3,4,3,3,3,3,4,3,"... none of the above.",1,1,1,1,2,3,0,0,0,0,0,1,1,0,143,26,8,6.33333333333333,5,5.625,3.25,4.33333333333333,4.75,5.33333333333333,4.33333333333333,4,4.25,6.5,6,5.4,0,0,0,0,0,0,0,0,0,0,1,1,0,1,1,0,0
"2024/12/03 9:05:54 AM GMT+1",1,0,"Master’s degree, or equivalent","non-swiss, non-european",31,17.5,6,6,4,5,6,5,5,6,6,6,6,5,5,6,7,4,5,5,4,6,2,6,1,2,6,5,6,5,4,4,4,3,1,"A charity or non-government organisation (ex. Red Cross)",3,3,3,3,4,3,2,4,"… financial compensation (money or vouchers).;… acknowledgement in citations.;… co-authorship in publications.",1,3,1,1,1,3,0,0,0,0,0,1,0,1,149,25,9,5,5.8,5.5,4,4.33333333333333,5,5.83333333333333,5.66666666666667,4.5,5.5,6,5.66666666666667,5.8,1,1,1,0,0,0,0,0,0,0,0,0,0,0,1,0,0
"2024/12/03 10:32:08 AM GMT+1",1,0,"Master’s degree, or equivalent","non-swiss, european",26,13,7,7,6,5,6,6,5,5,1,5,4,5,6,7,5,4,6,5,7,5,2,6,1,3,6,6,7,6,4,6,4,3,1,"A university or educational institution (ex. University of Lausanne);A hospital or medical research centre (ex. CHUV)",3,3,4,3,4,4,4,2,"... none of the above.",1,3,3,1,1,1,0,0,0,0,0,1,1,0,154,27,9,6.66666666666667,4.4,6,3.5,4.66666666666667,6,5.66666666666667,4.66666666666667,5.5,5.25,6.25,5.66666666666667,6,0,0,0,0,0,0,0,0,0,0,1,1,1,0,0,0,0
"2024/12/03 11:14:35 AM GMT+1",1,1,"Master’s degree, or equivalent","non-swiss, non-european",25,25,6,6,5,5,6,5,6,6,5,4,6,6,6,6,6,4,6,6,5,5,4,5,5,3,6,6,7,6,6,6,5,4,1,"A university or educational institution (ex. University of Lausanne)",5,3,1,1,4,3,1,1,"… having a more active role in the project.",1,3,3,1,1,1,0,0,0,0,0,1,0,1,164,19,9,5.66666666666667,5.4,6.125,4.5,5.33333333333333,5.25,5.66666666666667,6,5,5.25,6,5.66666666666667,6,0,0,0,1,0,0,0,0,0,0,0,1,0,0,0,0,0
"2024/12/03 11:16:13 AM GMT+1",1,1,"Master’s degree, or equivalent","non-swiss, non-european",30,17.5,6,6,5,5,6,6,6,6,1,6,6,6,7,7,7,5,4,6,7,5,4,6,6,1,6,6,6,6,4,4,4,3,1,"A university or educational institution (ex. University of Lausanne);A charity or non-government organisation (ex. Red Cross);Applied resource management projects (independent)",3,5,1,5,3,2,3,5,"… co-authorship in publications.;… learning about science or research.;… having a more active role in the project.;… financial compensation (money or vouchers).;… learning about myself.;… learning a skill.;... networking opportunities.",1,1,3,1,3,3,0,0,0,0,0,1,0,1,162,27,11,7,5.4,6,4,4.33333333333333,5.5,6,6,5,5.75,6,5.66666666666667,6,1,0,1,1,1,1,1,1,0,0,0,1,0,0,1,0,0
"2024/12/03 11:16:48 AM GMT+1",1,1,"Master’s degree, or equivalent","non-swiss, european",24,17.5,7,7,5,5,7,6,5,7,6,6,5,6,6,6,7,4,5,5,6,6,5,6,2,4,4,7,6,6,5,5,4,2,1,"A university or educational institution (ex. University of Lausanne)",4,3,3,3,4,4,3,3,"… co-authorship in publications.;… financial compensation (money or vouchers).;… acknowledgement in citations.",0,3,1,2,2,2,0,0,0,0,0,1,1,0,167,27,10,6,6.2,5.75,5,4.66666666666667,5.75,6.33333333333333,5.66666666666667,5,5.5,7,6.33333333333333,6.6,1,1,1,0,0,0,0,0,0,0,0,1,0,0,0,0,0
"2024/12/03 11:53:20 AM GMT+1",1,0,"High school, or equivalent","ticino",19,8,6,3,4,3,5,4,3,6,6,5,3,7,5,4,5,3,4,4,5,5,4,6,1,2,5,5,7,5,4,4,3,2,0,"I have not contributed to a research project.",2,4,3,2,4,2,4,3,"… learning about myself.;… co-authorship in publications.;... the possibility to share with friends and family.",1,1,2,1,1,2,0,0,0,1,1,0,1,0,133,24,7,4.66666666666667,5.6,4.875,3.5,3.66666666666667,3.5,5,4,3.5,4,5,4,4.6,0,0,1,0,0,1,0,0,1,0,0,0,0,0,0,0,1
"2024/12/03 5:08:55 PM GMT+1",1,1,"Master’s degree, or equivalent","non-swiss, european",26,17.5,7,7,5,6,6,7,6,6,5,5,5,7,6,6,6,5,6,6,4,5,3,6,5,5,6,4,7,6,6,5,5,4,1,"A university or educational institution (ex. University of Lausanne);A hospital or medical research centre (ex. CHUV);A commercial or for-profit company (ex. Google)",5,3,3,5,4,3,3,3,"… having a more active role in the project.;… co-authorship in publications.;... none of the above.",0,2,2,2,3,3,0,0,0,0,0,1,1,0,169,29,12,5.33333333333333,5.8,5.75,4.5,5.66666666666667,6.25,6.16666666666667,5.66666666666667,5.5,6,6.5,6.33333333333333,6.4,0,0,0,0,0,0,0,0,0,0,1,1,1,0,0,1,0
"2024/12/03 6:23:28 PM GMT+1",1,1,"Doctoral degree, or equivalent","non-swiss, european",28,17.5,6,6,5,6,6,6,6,6,1,6,6,6,6,6,6,6,6,4,6,6,3,6,1,6,6,6,6,6,6,6,4,2,1,"A university or educational institution (ex. University of Lausanne)",1,1,2,2,1,2,1,1,"… learning about myself.;… having a more active role in the project.;… learning about science or research.",1,2,1,1,1,1,0,0,0,0,0,1,1,0,164,11,6,6,5,5.75,5.25,6,5.75,6,6,5.5,6,6,6,6,0,0,0,1,1,1,0,0,0,0,0,1,0,0,0,0,0
"2024/12/03 6:58:35 PM GMT+1",1,1,"Bachelor’s degree, or equivalent","non-swiss, non-european",37,17.5,6,6,4,5,6,5,6,6,6,5,6,6,6,6,6,5,6,5,7,5,5,5,5,1,6,6,7,5,4,6,5,5,0,"I have not contributed to a research project.",1,1,1,1,1,3,3,3,"... none of the above.",0,2,2,2,2,2,0,0,0,0,0,1,0,1,163,14,10,6.33333333333333,5.8,5.875,4.25,5,5,5.66666666666667,6,4.5,5.25,6,5.66666666666667,6,0,0,0,0,0,0,0,0,0,0,1,0,0,0,0,0,1
